,a,e,z,x,pihat,yhat,ghat,rhat,gobs,robs,piobs,r_annual,pi_annual,eps_a,eps_e,eps_z,eps_r
0,-0.03699006312652081,0.0001527675224858209,-0.0037293066875154204,-0.002561442722129249,-0.001429801906960064,-0.004710565389780107,-0.00843987207729553,-0.002905679592392242,-0.00843987207729553,-0.002905679592392242,-0.001429801906960064,-0.01162271836956897,-0.005719207627840256,-0.03699006312652081,0.00015276752248582142,-0.0037293066875154204,0.001412933793687725
1,-0.01603034673028795,0.0002595360085313374,-0.005358881126993638,0.002863731540014775,-0.0007191636841281588,0.001932368394985032,0.0012840526577714971,-0.002320535398962355,0.001284052657771499,-0.002320535398962355,-0.0007191636841281588,-0.00928214159584942,-0.0028766547365126354,0.01743826238658809,0.0001081892240046355,-0.005358881126993633,-0.00011897317548211521
2,-0.008950959757989114,0.0002439467073811147,-0.00310730743598363,0.0024043356383455033,-0.000809137804190396,0.00188428487640633,-0.003155390954562333,-0.001659031360197166,-0.003155390954562333,-0.001659031360197166,-0.000809137804190396,-0.006636125440788661,-0.0032365512167615838,0.00555329796357543,-1.317561627088062e-05,-0.0031073074359836282,0.0018261744172895398
3,-0.01123819317228057,0.00021893103853014382,0.004208798504692903,0.0049923575675587355,0.0001216420767160533,0.004339418544249231,0.006663932172535801,-0.002155871715014696,0.006663932172535803,-0.002155871715014696,0.0001216420767160531,-0.008623486860058786,0.0004865683068642126,-0.0031393647832520127,-2.274696447232597e-05,0.0042087985046929035,-0.004008520263674346
4,0.009928861489145692,0.00020223569693751968,0.006739390899395992,0.004803659519936543,2.452760981944759e-06,0.005380526372455905,0.007780498727602662,-0.0004258198300133745,0.007780498727602662,-0.0004258198300133745,2.452760981944705e-06,-0.001703279320053498,9.811043927778818e-06,0.02009717867142515,-1.465928293429329e-05,0.006739390899395994,-0.0021464991331224532
5,0.0033279728014701,4.513836140716734e-05,0.004735659005885411,0.0007782316300256956,-9.372589219499536e-05,0.0009715868497911123,0.000326719483220619,3.5305062912264504e-05,0.0003267194832206183,3.5305062912264504e-05,-9.372589219499532e-05,0.00014122025164905802,-0.0003749035687799812,-0.005655661073908926,-0.0001552165435488334,0.00473565900588541,0.0002392588958866087
6,-0.0039710381092870365,0.0002188266758629735,0.008514952583340125,-0.0004577149948677468,-0.001516768539867652,-0.0006884323090173227,0.006854933424531691,-0.0007865519000051289,0.0068549334245316925,-0.0007865519000051289,-0.001516768539867652,-0.003146207600020516,-0.006067074159470609,-0.006982187900057184,0.0001741081012168929,0.008514952583340125,-0.002874321821367984
7,0.02393426786854322,-0.000158976842708479,0.0009501977761819703,-0.00456659368060254,-0.0004898353078797934,-0.003176012717440181,-0.001537382632240889,0.002941265687159189,-0.001537382632240889,0.002941265687159189,-0.0004898353078797934,0.01176506274863676,-0.001959341231519173,0.02752726314982613,-0.00037576843048592714,0.0009501977761819708,0.005281306034329701
8,-0.0347226476516477,8.148532997937199e-05,0.01072733061336011,-0.014939353432135491,-0.004574947905317278,-0.01695673926069621,-0.003053395929895922,-0.0007370229652322737,-0.003053395929895923,-0.0007370229652322737,-0.004574947905317278,-0.002948091860929095,-0.01829979162126911,-0.05637837321910561,0.00023898368805066168,0.0107273306133601,0.0017705000537181872
9,-0.02018277477026042,4.8714261406469e-06,0.0069826472646226465,-0.01108554112035427,-0.003080459603661542,-0.01225816033450642,0.01168122619081244,2.8847511307476207e-05,0.01168122619081244,2.8847511307476207e-05,-0.003080459603661542,0.00011539004522990479,-0.01232183841464617,0.01123427682495043,-7.58560902699168e-05,0.0069826472646226535,-0.0008354409109398199
10,-0.0495183803079164,-0.0001991391550207663,0.0019506869155890558,-0.01574381895596341,-0.002871063427783026,-0.01862083685185336,-0.004411989601757888,-0.0010851055701098901,-0.004411989601757889,-0.0010851055701098901,-0.002871063427783026,-0.00434042228043956,-0.0114842537111321,-0.03125700569578477,-0.0002039652768983048,0.001950686915589059,0.004347175577376029
11,-0.00517371655668209,8.268494667467634e-05,0.0006086103724285883,-0.00825462725111013,-0.0028858713772154463,-0.008555220183053377,0.01067422704122857,0.0005989862361498867,0.01067422704122857,0.0005989862361498867,-0.0028858713772154463,0.0023959449445995467,-0.01154348550886179,0.03963051394592068,0.0002799721075537496,0.0006086103724285942,-6.190888030162099e-05
12,-0.03303820240612698,0.0005480452136053153,-0.0003879029277303944,-0.008187245254085677,-0.005651449136366853,-0.010106764813881659,-0.001939447558558677,-0.002750131254667744,-0.001939447558558675,-0.002750131254667744,-0.005651449136366853,-0.01100052501867098,-0.02260579654546741,-0.02835702366564102,0.00046612923693471346,-0.0003879029277303933,0.0009579243435168028
13,-0.032336607003919215,0.0005724910783034336,0.02127135854143019,-0.013977967119562621,-0.007494030164313045,-0.01585672398649034,0.0155213993688215,-0.001906902782137116,0.0155213993688215,-0.001906902782137116,-0.007494030164313045,-0.0076276111285484656,-0.02997612065725218,-0.002443641466855509,2.954268518464825e-05,0.0212713585414302,-9.409785442359536e-05
14,-0.0619826664992412,0.0005314450358006292,-0.014401776842335132,-0.005334559499504286,-0.004481137196859372,-0.008935752423110212,-0.007480805278954998,-0.00539848690449316,-0.0074808052789549955,-0.00539848690449316,-0.004481137196859371,-0.02159394761797264,-0.017924548787437492,-0.03272450448209509,-3.572187547458168e-05,-0.014401776842335118,0.002085558549633986
15,-0.04417836061618866,0.0005057168216261122,0.010713051507797559,-0.008671846916666656,-0.00542713303179506,-0.01123860966846724,0.00841019426244052,-0.003448444314399406,0.008410194262440522,-0.003448444314399406,-0.00542713303179506,-0.013793777257597629,-0.02170853212718024,0.0119035560323248,-2.078577534156953e-05,0.010713051507797559,0.002152058772275959
16,-0.057903686136046385,0.0002435005578376132,-0.001472866421940892,0.0003117905095587625,-0.00101377434820115,-0.0030524136549455487,0.0067133295915807936,-0.005192717366550615,0.006713329591580797,-0.005192717366550615,-0.00101377434820115,-0.02077086946620246,-0.004055097392804598,-0.017931105450518868,-0.0002575130973473746,-0.001472866421940884,-0.004062396557683646
17,0.001999917040732435,0.0003178779389821583,0.00270627286628821,0.00973069143621292,0.0007467719296682168,0.009846886616279452,0.0156055731375132,-0.002056618171854362,0.01560557313751321,-0.002056618171854362,0.0007467719296682168,-0.008226472687417444,0.002987087718672867,0.05439117225662722,7.664193633243628e-05,0.002706272866288218,-0.004941866159318313
18,0.0735312895382337,0.0002519406084351782,0.013278654885442791,0.006059563303341632,-0.00047374717722244804,0.01033173122551301,0.01376349949467635,0.004258050026173822,0.01376349949467635,0.004258050026173822,-0.00047374717722244815,0.01703220010469529,-0.0018949887088897921,0.07172176459977897,-6.29810657144466e-05,0.013278654885442791,4.5221286477843576e-05
19,0.08019781487661988,0.00016986057440905082,0.006823621630451472,0.001243373832553117,-0.001392903089716492,0.00590286687688476,0.0023947572818232288,0.0056903730123628714,0.002394757281823224,0.0056903730123628714,-0.001392903089716493,0.022761492049451482,-0.00557161235886597,0.013666704102426009,-7.97369863676826e-05,0.006823621630451465,0.0008168414051671481
20,0.07596827175665656,6.217172750728138e-05,-0.01877617554379587,0.007635226342979136,0.001191493048082262,0.01204898293204091,-0.01263005948863971,0.004688362730660988,-0.01263005948863972,0.004688362730660988,0.001191493048082262,0.01875345092264395,0.004765972192329047,0.003405288856290877,-0.000106109143559768,-0.018776175543795882,0.002275995626282077
21,0.05400925506063279,-4.77608894256118e-05,-0.000904395515398394,0.007039535416205976,0.001909444706182478,0.01017747313522877,-0.002775905312210527,0.003324814715717139,-0.002775905312210531,0.003324814715717139,0.001909444706182479,0.01329925886286856,0.007637778824729914,-0.01472683722479009,-0.00010935441986707741,-0.0009043955153984028,-0.0021668199925591104
22,0.056793848556963435,-1.209070288726972e-05,0.004575996431504497,-0.000195319230230355,-0.0004413580078921509,0.003104403370929241,-0.002497073332795026,0.004515357462151119,-0.00249707333279503,0.004515357462151119,-0.00044135800789215127,0.018061429848604482,-0.001765432031568605,0.007926274578102886,3.5226010266682284e-05,0.00457599643150449,0.002382318592752006
23,0.03552730687385863,0.0002014506871309683,-0.00040783197343696487,-0.001449483670419277,-0.002013797228392225,0.0006146528589519285,-0.002897582485414272,0.002501377036320386,-0.002897582485414274,0.002501377036320386,-0.002013797228392225,0.01000550814528155,-0.008055188913568902,-0.01585976730048191,0.0002134289464813846,-0.0004078319734369715,0.0001517408459770895
24,0.059098237513215586,0.00024202869499676948,0.001175839859479918,-0.0001966128895564564,-0.002105455139092392,0.003236994709961381,0.0037981817104893742,0.004066903673564842,0.003798181710489372,0.004066903673564842,-0.002105455139092392,0.01626761469425937,-0.008421820556369568,0.026953130253748292,4.245149925611746e-05,0.001175839859479914,0.0009079354085964144
25,0.05025825419774527,0.0005321469904085312,-0.008985843102312003,0.0021920771896040488,-0.0032188920601468308,0.005112081758493069,-0.007110756053780309,0.002304502952736227,-0.007110756053780313,0.002304502952736227,-0.003218892060146832,0.009218011810944908,-0.01287556824058733,-0.0032138311042122013,0.0002923691622752293,-0.00898584310231201,0.0019353127797606328
26,0.059906478272051436,0.00042584277176135497,-0.005088425558221666,0.007775546867360008,-0.0009909402368230634,0.01125611325496621,0.001055605938251483,0.0025065955097142963,0.001055605938251481,0.0025065955097142963,-0.0009909402368230627,0.01002638203885719,-0.003963760947292253,0.01443280987393151,-0.0001013552516363787,-0.00508842555822167,-0.001118905350875075
27,0.1394706109286576,0.000429389155619361,-0.01486848564632004,0.02100594676722186,0.002172659270908078,0.02910918926217689,0.002984590360890635,0.006802300684341123,0.002984590360890633,0.006802300684341123,0.002172659270908078,0.02720920273736449,0.008690637083632309,0.08526722938810544,7.5067216353839874e-06,-0.01486848564632005,-0.001200526277717434
28,0.1776350710797756,0.0006522945353416276,0.01081246798385537,0.01306329424732365,-0.0018837150692933128,0.02338389187705866,0.005087170598737154,0.01040921006448387,0.005087170598737145,0.01040921006448387,-0.0018837150692933128,0.04163684025793548,-0.00753486027717325,0.05144206231152616,0.00022689869886952208,0.01081246798385535,0.00015996520032427331
29,0.1609957019862109,0.0004600280016012548,-0.008998984811457968,0.007502442554030797,-0.002115518022403232,0.01685629283942972,-0.015526583849086891,0.0103947137357654,-0.01552658384908691,0.0103947137357654,-0.002115518022403234,0.041578854943061586,-0.008462072089612934,0.00027148967322993683,-0.000186200194561701,-0.00899898481145799,0.005710986144544303
30,0.09071921514188963,0.00044416566610710594,-0.002459562499717804,0.009095755335310428,-0.0009780429665388927,0.01436654173505427,-0.004949313604093236,0.0046856856686947725,-0.004949313604093241,0.0046856856686947725,-0.0009780429665388927,0.01874274267477909,-0.003912171866155571,-0.05494969601523407,-1.158407507926149e-05,-0.002459562499717821,-0.004875426401446141
31,0.08944751827881504,0.0009282850050074217,0.01164547198281759,0.004261503949044319,-0.005502696052480343,0.009458404761043504,0.006737335008806826,0.00409529564233982,0.006737335008806823,0.00409529564233982,-0.005502696052480343,0.01638118256935928,-0.02201078420992137,0.007364772418433292,0.000488250079595109,0.01164547198281757,-0.0018358851491255019
32,0.1443797509062069,0.0008751482472497049,-0.007056561571628202,0.01870112311727942,-0.0014209045465118561,0.02708958664493007,0.01057462031225837,0.0064212046170103185,0.01057462031225837,0.0064212046170103185,-0.0014209045465118561,0.02568481846804128,-0.005683618186047425,0.06344763636753505,-4.450370721115116e-05,-0.007056561571628208,-0.004405484734900361
33,0.1440013660229531,0.0007179878771551068,0.003022100281047585,0.0101943334741608,-0.002866425557005905,0.018560812840094417,-0.005506673523788047,0.008027653581260372,-0.005506673523788052,0.008027653581260372,-0.0028664255570059038,0.03211061432504149,-0.01146570222802362,0.013366567403017041,-0.00014902149139518,0.003022100281047569,0.003209109043382384
34,0.1151664742651878,0.0007816475446562702,0.011181926522910241,0.001317500782465798,-0.005616607857160533,0.008008672937273264,0.000629786620089091,0.0069082354858472006,0.0006297866200890866,0.0069082354858472006,-0.005616607857160533,0.0276329419433888,-0.02246643142864213,-0.015125961712380181,7.033695475870149e-05,0.011181926522910229,0.0005846523711899429
35,0.08212905547449083,0.0009020275511700971,0.002207931898349866,0.002593865819553966,-0.005756513562581134,0.007365563942621922,0.001564822903698534,0.003830425061000614,0.0015648229036985312,0.003830425061000614,-0.005756513562581134,0.01532170024400245,-0.02302605425032454,-0.02207357044065112,0.0001276493286791265,0.0022079318983498552,-0.001901037557971584
36,0.1441762599505395,0.001172534968355526,0.006723355386434287,0.0054654360464836795,-0.007180942003578375,0.01384207674961005,0.01319986819342242,0.007608520063346146,0.01319986819342242,0.007608520063346146,-0.007180942003578375,0.030434080253384583,-0.0287237680143135,0.06986589055722019,0.0002788962734113068,0.00672335538643428,0.0004231162542452383
37,0.1844444870417906,0.0009680209616802572,9.464599369583814e-05,0.01514046501741345,-0.003380865521141843,0.02585668971454154,0.01210925895862734,0.00985701949500268,0.01210925895862733,0.00985701949500268,-0.003380865521141843,0.03942807798001072,-0.01352346208456737,0.05399380703854245,-0.0001936094314695676,9.464599369582513e-05,-0.0037439574193666608
38,0.1561699676294581,0.0009472250309463297,-0.0013560863778948689,0.01288079694332576,-0.003670747149446238,0.02195427206259733,-0.005258504029839061,0.008020986348076391,-0.005258504029839066,0.008020986348076391,-0.003670747149446238,0.032083945392305566,-0.01468298859778495,-0.01071540424595416,-1.1793335790306709e-05,-0.0013560863778948882,-0.00046503851756021797
39,0.1265785735507999,0.0006894770904138062,-0.01170783001415676,0.02065218626288939,0.000491638590138236,0.02800640138619091,-0.005655700690563164,0.005198274195643585,-0.005655700690563169,0.005198274195643585,0.0004916385901382377,0.02079309678257434,0.0019665543605529513,-0.014724013160333782,-0.0002489387477447268,-0.011707830014156779,-0.004188993765799166
40,0.1041500448476342,0.0008172118966533298,-0.01249521159333898,0.01932290382781945,-0.0005376346295907744,0.02537402143346704,-0.01512759154606284,0.003316716614799493,-0.01512759154606284,0.003316716614799493,-0.0005376346295907746,0.01326686645919797,-0.002150538518363099,-0.01037824850112959,0.00013414694318036898,-0.01249521159333899,0.0011208099260752288
41,0.08841635822312044,0.0006887340017962067,0.0113911438550204,0.016201106191271318,-0.00048267703271890656,0.02133809660403466,0.007355219025588031,0.0028578331205471037,0.007355219025588026,0.0028578331205471037,-0.00048267703271890656,0.01143133248218841,-0.0019307081308756263,-0.005818602355018999,-0.0001208778242182491,0.01139114385502039,-0.0058646102515724115
42,0.106074400571106,0.0009105885854385013,-0.001386592617097133,0.01852758443304523,-0.001388296123306518,0.024690507106226518,0.001965817885094744,0.003352985590107175,0.00196581788509474,0.003352985590107175,-0.001388296123306518,0.0134119423604287,-0.00555318449322607,0.02607527965082655,0.00022825980985899684,-0.001386592617097142,-0.002811058596892843
43,0.07951330342137153,0.000754896572972932,-0.01455676334293245,0.020137035466995832,0.00030256400062342233,0.02475675839577756,-0.0144905120533814,0.0014184298268051891,-0.01449051205338141,0.0014184298268051891,0.00030256400062342233,0.005673719307220755,0.0012102560024936891,-0.01646281421536516,-0.0001472235386209936,-0.014556763342932459,0.00035605010095490715
44,0.09571118338095147,0.0006844347760570263,0.0045725651732715505,0.01749225987629912,-0.00014003648302433192,0.023053079630732432,0.002868886408226432,0.003251689013794696,0.002868886408226428,0.003251689013794696,-0.00014003648302433178,0.01300675605517878,-0.0005601459320973269,0.0237675464452945,-6.34412587872595e-05,0.004572565173271543,-0.002141901509870839
45,0.06621406668939113,0.0007738181685237218,-0.012018195369390059,0.01982555601213465,0.00019823004853574119,0.02367259328678831,-0.011398681713334179,0.0003735859974874169,-0.011398681713334179,0.0003735859974874169,0.0001982300485357418,0.001494343989949668,0.0007929201941429672,-0.0203854120336938,9.574863588402384e-05,-0.01201819536939007,-0.001720007758997948
46,0.046360533164981066,0.00040323708919680264,-0.007334129866309644,0.023759206513920418,0.0038991221604921774,0.02645275349080585,-0.0045539696622921046,-0.0008429894507415352,-0.004553969662292107,-0.0008429894507415352,0.0038991221604921774,-0.00337195780296614,0.01559648864196871,-0.01354995437558003,-0.0003633845703596492,-0.00733412986630965,-0.00485037684661
47,0.02949453496669603,0.000744226889816112,0.007354654570830421,0.01471666718273624,-0.0007917877935156446,0.0164302996643013,-0.00266779925567412,-0.001685776736569116,-0.002667799255674122,-0.001685776736569116,-0.0007917877935156451,-0.006743106946276466,-0.00316715117406258,-0.012452475440978859,0.0003447399055488397,0.0073546545708304155,-0.001914370371632062
48,-0.011251619963420459,0.0007682599120458412,0.01111618270428077,0.003984551313661881,-0.003726196404192571,0.003330832193787164,-0.001983284766233359,-0.003369828507873434,-0.0019832847662333603,-0.003369828507873434,-0.003726196404192571,-0.01347931403149374,-0.014904785616770281,-0.037938275201287036,3.0954332305019285e-05,0.01111618270428077,-0.00011716826129473559
49,-0.03918063282577243,0.0005317983701436081,0.01227110911442948,-0.00360328647902366,-0.004167448925904793,-0.0058796812462010425,0.003060595674441276,-0.003863705805250182,0.003060595674441276,-0.003863705805250182,-0.004167448925904793,-0.015454823221000731,-0.016669795703619168,-0.0290001670828696,-0.0002293167247202056,0.01227110911442949,0.0005012461539298214
50,-0.0305406440115516,0.0004167841745614654,-0.009457640499863949,0.004693493611481092,-0.0010883518483807868,0.00291908219440993,-0.0006588770592529822,-0.004116875879649165,-0.0006588770592529801,-0.004116875879649165,-0.0010883518483807881,-0.01646750351859666,-0.0043534073935231525,0.004909992569207304,-0.0001100684707398059,-0.009457640499863942,-0.00034780177768975186
51,-0.002896803621173206,0.000276175749613275,0.008924147021790394,0.002426977086773273,-0.00106055495848962,0.0022586727963831,0.00826373762376356,-0.001267087787531416,0.00826373762376356,-0.001267087787531416,-0.0010605549584896188,-0.0050683511501256615,-0.004242219833958478,0.02473637108047869,-0.0001367323321247678,0.008924147021790398,-0.0004140634700928235
52,0.019716772645215718,-3.403090474635639e-05,-0.0012678639240059429,0.002287527485502425,0.0007226277768648719,0.0034330719761894576,-9.346474419958576e-05,0.001296252660170897,-9.34647441995862e-05,0.001296252660170897,0.0007226277768648719,0.005185010640683586,0.002890511107459488,0.02233780056165324,-0.00030763821988822796,-0.001267863924005942,0.0019426275417672898
53,0.02568666542822888,-4.904943098009551e-05,-0.006166776935435477,0.006483008728431002,0.001987363613569321,0.007975403989811107,-0.001624444921813826,0.001187009339223722,-0.001624444921813827,0.001187009339223722,0.001987363613569321,0.004748037356894886,0.007949454454277284,0.007846929538837692,-1.533501364788084e-05,-0.00616677693543548,-0.001306567548597292
54,0.02755293773415129,9.442693755110876e-05,-0.006083273795689234,0.00844857641863777,0.0016132094318848699,0.01004940210099197,-0.004009275684508371,0.0006900070237551147,-0.0040092756845083715,0.0006900070237551147,0.0016132094318848699,0.002760028095020459,0.0064528377275394795,0.004311642854689789,0.0001430202088230888,-0.006083273795689239,-0.000930390450412676
55,0.06269200006127074,0.0001644380683731386,-0.01276892878454439,0.01855230121791682,0.0038023879052498256,0.02219470642147665,-0.0006236244640597044,0.0017931867348757468,-0.0006236244640597049,0.0017931867348757468,0.0038023879052498256,0.007172746939502987,0.01520955162099931,0.03776210199941064,7.088930134125432e-05,-0.0127689287845444,-0.003188418786724755
56,0.03052189444935321,0.0001529749168155571,0.0077771176291982465,0.006048006587076754,0.0005141573384069511,0.0078213286545842,-0.006596260137694199,0.0011298569828367881,-0.006596260137694204,0.0011298569828367881,0.0005141573384069504,0.0045194279313471525,0.002056629353627801,-0.02620182720608457,-9.93387752171205e-06,0.0077771176291982404,0.0007496757459573112
57,-0.0022655399599014713,0.0001710603000030729,-0.006951339516406143,0.005710400375364025,0.0005665107642094947,0.00557877250369376,-0.00919389566729658,-0.001438418306190724,-0.009193895667296585,-0.001438418306190724,0.0005665107642094946,-0.005753673224762897,0.002266043056837978,-0.02988175005767627,1.950804991390026e-05,-0.006951339516406147,-9.100588830667168e-05
58,-0.01724453220602144,0.00045275442165303045,0.007787688542744723,-0.0057756944359881966,-0.004464324130851088,-0.0067776017571580405,-0.0045686857181070776,-0.0016281291933616,-0.004568685718107078,-0.0016281291933616,-0.004464324130851088,-0.006512516773446399,-0.01785729652340435,-0.01519467165030258,0.00028328498243998664,0.007787688542744723,0.0043006962258990075
59,-0.01474203043847648,0.000627557713528126,-0.009561092422375149,0.00396556989696688,-0.002792489901591185,0.003109057928491391,0.0003255672632742797,-0.003292514740448919,0.0003255672632742814,-0.003292514740448919,-0.002792489901591185,-0.01317005896179568,-0.01116995960636474,0.000860822301531717,0.0001790139079964689,-0.009561092422375144,-0.0013696388483470981
60,0.03835300533726654,0.0007414441197634241,0.01536697538787315,0.002588028970749671,-0.004361844690725824,0.004816338580844853,0.01707425604022661,0.0007938325353478112,0.01707425604022661,0.0007938325353478112,-0.004361844690725823,0.0031753301413912447,-0.017447378762903292,0.05169159447800007,0.0001197226929711097,0.01536697538787315,-0.001416828950460392
61,0.07873317878152912,0.000861842870561347,0.006876599404135047,0.014939227377001691,-0.0018900687822750192,0.01951362506420855,0.021573885887498742,0.001854071153765273,0.02157388588749875,0.001854071153765273,-0.001890068782275018,0.007416284615061091,-0.00756027512910007,0.04403137955237036,0.00012729418111172118,0.006876599404135046,-0.009223267809960602
62,0.08240026843359648,0.001218960564301477,0.0007831949833376219,0.01917921455287263,-0.0030024964455206467,0.02396667014886461,0.005236240067993692,0.0006358830701067778,0.005236240067993689,0.0006358830701067778,-0.0030024964455206467,0.002543532280427111,-0.01200998578208259,0.0111624882720689,0.000365132832436349,0.0007831949833376152,-0.005303216111790858
63,0.04254038958294735,0.001140283240303601,-0.005283882873053019,0.01890444586987597,-0.002247928523180622,0.02137604250464524,-0.00787451051727238,-0.002256852753607328,-0.007874510517272386,-0.002256852753607328,-0.002247928523180623,-0.009027411014429313,-0.00899171409272249,-0.03201537329577075,-6.734099074987353e-05,-0.005283882873053026,-0.002032175838690109
64,0.050771397746868466,0.001351899640454643,-0.013794348332318,0.0259687184657447,-0.001637042188837023,0.02891853667483778,-0.006251854162125462,-0.003170492623814271,-0.0062518541621254635,-0.003170492623814271,-0.001637042188837024,-0.01268197049525708,-0.006548168755348095,0.01228085325221768,0.00022222103428586518,-0.013794348332318,-0.002100251146035043
65,0.07882111858171717,0.001103492609401573,-0.0003585419422994015,0.0262350964486974,-0.000180571856032854,0.030814603438295188,0.001537524821158012,-0.00039308336374399046,0.001537524821158009,-0.00039308336374399046,-0.0001805718560328549,-0.0015723334549759618,-0.0007222874241314195,0.03288315790035057,-0.00023583436439684238,-0.0003585419422994045,-0.002100926442180541
66,0.04489645795073412,0.0009573993575466357,-0.0001123973352298143,0.01669021120034883,-0.0017251707842928009,0.019298695407286508,-0.011628305366238479,-0.001294412444169486,-0.011628305366238491,-0.001294412444169486,-0.0017251707842928009,-0.005177649776677944,-0.0069006831371712036,-0.0264208901420036,-0.000135830770587504,-0.0001123973352298219,0.0016098699372748349
67,0.04807378632854652,0.0012642640977976632,-0.001110706798837742,0.014926974276860959,-0.004248525412627108,0.017720061262549533,-0.002689340943574722,-0.0015467751370368769,-0.002689340943574725,-0.0015467751370368769,-0.004248525412627108,-0.006187100548147509,-0.016994101650508433,0.00745147117472227,0.00031576855427621067,-0.001110706798837745,-1.382530008296634e-05
68,0.057141803838947625,0.0009882919741077947,0.0003822878205147955,0.01975164072846463,-0.0011375552988119278,0.0230715795315075,0.005733806089472769,-0.0008587548910090416,0.005733806089472767,-0.0008587548910090416,-0.0011375552988119278,-0.003435019564036166,-0.0045502211952477105,0.013644641968878721,-0.00026421446758035066,0.0003822878205147935,-0.004409709463370741
69,0.02588783281875094,0.0009869727272145928,0.00190998062740088,0.01493339792879208,-0.0022708909003556826,0.016437481015561542,-0.004724117888545081,-0.002601854380827666,-0.0047241178885450855,-0.002601854380827666,-0.0022708909003556826,-0.010407417523310659,-0.009083563601422734,-0.02581407129472889,7.871868466000134e-06,0.0019099806274008762,-0.00146440640129948
70,-0.009197537264599796,0.0009409707666481867,0.02321856752398321,0.004736550760811172,-0.004642922905172673,0.004202173845737936,0.01098326035415961,-0.0037466527946645217,0.01098326035415961,-0.0037466527946645217,-0.0046429229051726745,-0.01498661117865809,-0.01857169162069069,-0.03262084839900566,-3.682311420330982e-05,0.02321856752398321,-0.00448264101478247
71,0.01037920890959466,0.001134836474558446,-0.003701239701355424,0.010466305443642191,-0.004396496218593054,0.01106933748128964,0.0031659239341962713,-0.00353044019663964,0.0031659239341962717,-0.00353044019663964,-0.004396496218593054,-0.01412176078655856,-0.01758598487437222,0.01870114062660455,0.00020261673604008782,-0.00370123970135542,-0.001068934762187177
72,0.004226043668417655,0.001122531039282376,0.007243023757833341,0.004763446136291028,-0.0059198121798331865,0.0050089792734261005,0.001182665549969806,-0.003146946334401092,0.001182665549969805,-0.003146946334401092,-0.0059198121798331865,-0.01258778533760437,-0.02367924871933275,-0.0051650645529835925,-1.7514560626760449e-06,0.007243023757833342,0.001415883702231485
73,0.01739793375835224,0.0013578942399747052,0.01172466330027659,0.0007568735696371334,-0.008712115946544119,0.0017676935209974,0.008483377547847884,-0.002109093099400781,0.008483377547847884,-0.002109093099400781,-0.008712115946544119,-0.008436372397603125,-0.03484846378617647,0.01357420944716795,0.00024580273935765533,0.01172466330027659,0.0009213528625685293
74,0.008327606294403423,0.001422237299227341,-0.004862292028653631,0.006268070526952905,-0.007457114753516011,0.006751904452657751,0.0001219189030067167,-0.0037880091692018116,0.00012191890300671622,-0.0037880091692018116,-0.0074571147535160125,-0.01515203667680725,-0.02982845901406405,-0.007414044170153688,7.697147568440009e-05,-0.00486229202865363,0.00011898574315959422
75,-0.0226102147052852,0.001354137406675144,0.00010698065334451329,0.006889241128301232,-0.006584017524824832,0.005575587653924166,-0.001069336145389075,-0.00613811805165235,-0.001069336145389075,-0.00613811805165235,-0.006584017524824832,-0.0245524722066094,-0.026336070099299332,-0.030145032880461418,-5.487308566938169e-05,0.00010698065334451619,-0.0005207510764001983
76,-0.07289525467370933,0.001524451321097414,-0.00012069588976654942,0.004189564511777833,-0.008059072540812612,-4.564978476468556e-05,-0.005741933328455406,-0.01011028636339837,-0.005741933328455405,-0.01011028636339837,-0.008059072540812609,-0.04044114545359349,-0.032236290163250435,-0.052437532408367266,0.0001829073923043499,-0.00012069588976654341,0.0007243207603524301
77,-0.1059828543104689,0.0018555770561008102,-0.002005906245046844,0.006944917701129977,-0.009133992132681994,0.0007873138656917119,-0.001172942594590456,-0.01393078716720245,-0.0011729425945904539,-0.01393078716720245,-0.009133992132681993,-0.055723148668809785,-0.03653596853072797,-0.040027227881696666,0.0003453031322896058,-0.002005906245046831,-0.0009735035656182664
78,-0.1031885024206771,0.001574308390737683,-0.010257214437574559,0.013587088797596441,-0.00541073084978866,0.0075918368069550655,-0.003452691496311228,-0.0139883248184532,-0.003452691496311223,-0.0139883248184532,-0.00541073084978866,-0.05595329927381278,-0.02164292339915464,-0.00729521584056487,-0.000264011798741385,-0.010257214437574541,0.001154212240694375
79,-0.08929180902592067,0.00147043268647912,-0.008812134961347749,0.0202151342287039,-0.002930293914116915,0.015027280124297882,-0.0013766916440049529,-0.01361194245945171,-0.001376691644004949,-0.01361194245945171,-0.002930293914116915,-0.05444776983780684,-0.01172117565646766,0.004073147964308036,-8.923463622469866e-05,-0.008812134961347733,-0.00128917932420255
80,-0.1474639940446242,0.001618256698614274,0.002898820599345248,0.01374209568511797,-0.005289275070875729,0.005174437631125278,-0.0069540218938273606,-0.01759425801374188,-0.006954021893827357,-0.01759425801374188,-0.005289275070875732,-0.07037703205496754,-0.02115710028350293,-0.06667276523797118,0.00016149903611941492,0.002898820599345262,-0.001456631768252467
81,-0.16398035169892902,0.001715075892136359,-0.008644835230212408,0.0165896816154605,-0.004955898920151197,0.0070624231817526814,-0.006756849679585025,-0.01954753896762482,-0.006756849679585018,-0.01954753896762482,-0.004955898920151196,-0.07819015587049928,-0.01982359568060478,-0.030554929887352932,0.00011186898081920429,-0.008644835230212387,-0.00010555129743394631
82,-0.1889154465799938,0.001540283069310544,0.01104407216867159,0.01033665268090533,-0.005433795275503044,-0.0006393347653923572,0.003342314221526527,-0.02015481146169524,0.003342314221526537,-0.02015481146169524,-0.005433795275503044,-0.08061924584678096,-0.021735181102012183,-0.040546024362802836,-0.0001588426170289396,0.01104407216867161,-0.001539806025707141
83,-0.1596920215121618,0.001567675633247958,0.002305509586335993,0.01496696337496799,-0.004507126726551581,0.005688856925111328,0.008633701276839656,-0.0186080974036324,0.008633701276839663,-0.0186080974036324,-0.004507126726551582,-0.07443238961452961,-0.018028506906206332,0.0112386745534166,4.1717196482009415e-05,0.002305509586336019,-0.002605312197300482
84,-0.1239729070271647,0.001655678001320654,0.012299487446122559,0.01264323496774337,-0.006041555971254211,0.005440409069465053,0.01205103959047627,-0.015682509313029492,0.01205103959047627,-0.015682509313029492,-0.00604155597125421,-0.06273003725211798,-0.02416622388501684,0.02051643403703943,0.0001025817514619088,0.01229948744612258,-0.001602149112403523
85,-0.0947983163067975,0.001381003999181641,0.008680625585172585,0.012299743868724759,-0.004601026121239007,0.0067919616912997865,0.0100321782070073,-0.01266241703984436,0.01003217820700731,-0.01266241703984436,-0.004601026121239007,-0.05064966815937745,-0.01840410448495603,0.01737236997138111,-0.0002592761967267262,0.008680625585172604,-0.0012082712342058029
86,-0.0994007250196406,0.001373234562983856,-0.003950138642216479,0.01406284160423983,-0.0040021176546118295,0.00828765948059868,-0.002454440852917602,-0.01326274669013727,-0.002454440852917597,-0.01326274669013727,-0.0040021176546118295,-0.05305098676054907,-0.016008470618447318,-0.013627208425250191,5.073900994609473e-06,-0.0039501386422164655,-0.0004071463886058402
87,-0.07075397378062487,0.001320869454480907,0.018697794011121892,0.002231281040809009,-0.007326394434908075,-0.0018795248358453262,0.008530609694677874,-0.009150946360990227,0.008530609694677876,-0.009150946360990227,-0.007326394434908075,-0.036603785443960916,-0.0293055777396323,0.019183802217145968,-3.959402706719554e-05,0.01869779401112191,0.003197009094440282
88,-0.1247558062376826,0.0015409238312260722,0.01653426535990493,-0.0035659528070407353,-0.00999105186937316,-0.01081426514945012,0.00759952504630013,-0.013084036903189579,0.007599525046300133,-0.013084036903189579,-0.00999105186937316,-0.052336147612758316,-0.03996420747749264,-0.06073761076097318,0.000232338462671841,0.016534265359904942,-0.002490153213549975
89,-0.1377147094121708,0.001508499467034073,-0.01912155860301501,0.009892255567865894,-0.005774317516112931,0.001891030951018729,-0.0064162625025461825,-0.015993180346393958,-0.006416262502546175,-0.015993180346393958,-0.005774317516112931,-0.06397272138557585,-0.023097270064451718,-0.024835655928315558,-1.809377256159225e-05,-0.01912155860301499,0.00022786858860817768
90,-0.09631184994774722,0.001657131655614838,0.0066485388674640536,0.01136338523777815,-0.0066474765737764745,0.005767666755813992,0.0105251746722593,-0.013327915004008909,0.0105251746722593,-0.013327915004008909,-0.0066474765737764745,-0.05331166001603562,-0.02658990629510589,0.02829241912838496,0.0001626612336241875,0.006648538867464073,-0.0008122933027361125
91,-0.1047897503392135,0.00155673081998846,-0.02653696716255233,0.02686364816870706,-0.001435311388883861,0.02077536367399873,-0.011529270244367609,-0.01601631625336794,-0.0115292702443676,-0.01601631625336794,-0.001435311388883861,-0.06406526501347176,-0.005741245555535443,-0.01764678850649177,-8.498951122915552e-05,-0.02653696716255231,-0.002011166256751081
92,-0.07706279548189167,0.001547087327222529,-0.008120587383863209,0.020349886147626,-0.003487091647037382,0.015872537730128058,-0.013023413327733891,-0.01286186961667863,-0.013023413327733891,-0.01286186961667863,-0.003487091647037381,-0.05144747846671452,-0.01394836658814952,0.01775097062502869,4.834103859966352e-06,-0.008120587383863195,0.006293956776399272
93,-0.09098648383877776,0.0018291928922599628,-0.00226320553685627,0.01592269709915531,-0.006482992061252646,0.010636382388122291,-0.007499360878862048,-0.014004407575856621,-0.007499360878862046,-0.014004407575856621,-0.006482992061252647,-0.056017630303426484,-0.02593196824501059,-0.021260066486762142,0.0002964934771806081,-0.0022632055368562577,0.001699919579531392
94,-0.0479254003260898,0.001671756004946648,-0.008238957422505942,0.02335064514758024,-0.0036617957328894,0.0205661793886344,0.001690839578006153,-0.01132403599103553,0.001690839578006153,-0.01132403599103553,-0.0036617957328894,-0.0452961439641421,-0.0146471829315576,0.03439917025123633,-0.000140425393415294,-0.008238957422505926,-0.00043574736514404087
95,-0.034257457893932385,0.001539041696705418,0.0024006277703824148,0.02499506609676756,-0.002437469849504689,0.02300470779313008,0.004839156174878087,-0.0101637390085034,0.004839156174878085,-0.0101637390085034,-0.002437469849504689,-0.04065495603401362,-0.009749879398018756,0.009105444321113687,-0.000117166977395223,0.002400627770382425,-0.003947866951306423
96,-0.0001453125643360934,0.001746429576275585,0.01009985194030821,0.014692554085345269,-0.00704443546334503,0.014684111425357341,0.0017792555725354641,-0.006490558402924992,0.0017792555725354641,-0.006490558402924992,-0.00704443546334503,-0.02596223361169997,-0.02817774185338012,0.03085083533809393,0.00022170096734952985,0.01009985194030822,0.003261825703267466
97,-0.02708718231814171,0.001484174593901736,-0.005187261787255883,0.01564246109726761,-0.0048518977598206595,0.01406869580458358,-0.005802677408029647,-0.008094425272523095,-0.0058026774080296465,-0.008094425272523095,-0.0048518977598206595,-0.03237770109009238,-0.01940759103928263,-0.026955703509930408,-0.00024601318731448484,-0.005187261787255879,-1.752600755974535e-05
98,-0.03791857021765088,0.001349970620878139,-0.00547548863722359,0.02048635573923048,-0.002490742605807352,0.01828328680958496,-0.0012608976322222118,-0.009321921518646798,-0.0012608976322222118,-0.009321921518646798,-0.002490742605807351,-0.037287686074587184,-0.009962970423229404,-0.01341008765619625,-0.0001204011493003086,-0.005475488637223582,-0.003153702931627294
99,-0.04701357525789918,0.001737788799540288,0.01003481107974963,0.014207499832904969,-0.006747011024279513,0.01147601111042102,0.003227535380585683,-0.01007595000455987,0.003227535380585685,-0.01007595000455987,-0.006747011024279513,-0.04030380001823949,-0.02698804409711805,-0.01270485292496866,0.00040037290543631834,0.01003481107974963,-0.0017736585070010108
100,-0.059548649345609286,0.00156159390970891,0.01907365298232781,0.0045000077952381725,-0.008318324943911139,0.00104023126825826,0.008637873140165045,-0.009200417407498824,0.008637873140165045,-0.009200417407498824,-0.008318324943911139,-0.03680166962999529,-0.03327329977564455,-0.0170107664522621,-0.00016003345399565058,0.01907365298232782,-7.35020324606342e-05
101,-0.07964058832031706,0.001330797973848611,0.00836432199776038,0.008519720329171516,-0.005495369998731705,0.0038926021477610757,0.011216692877263191,-0.01079460278743538,0.011216692877263191,-0.01079460278743538,-0.005495369998731705,-0.04317841114974152,-0.02198147999492682,-0.02576097039240977,-0.000216273112500004,0.008364321997760394,-0.005320647460268048
102,-0.1005537366415878,0.001629528276212227,0.00028727567532720787,0.005111030631343966,-0.008246627024735515,-0.00073114146753231,-0.004336467939966188,-0.0126760363002504,-0.004336467939966187,-0.0126760363002504,-0.008246627024735515,-0.0507041452010016,-0.03298650809894206,-0.028494932329364862,0.00031110672352041265,0.0002872756753272201,0.002178589332750073
103,-0.029045541016446262,0.001696216087266073,0.0021696094269752692,0.009863912526143557,-0.007883537834698492,0.008176366593087995,0.011077117487595559,-0.00792641708490019,0.011077117487595559,-0.00792641708490019,-0.00788353783469849,-0.031705668339600764,-0.03153415133879396,0.06193547989686238,8.184242402262182e-05,0.0021696094269752853,0.001779365285332691
104,-0.006234395904019304,0.00198040337804605,-0.006513533293962119,0.0172434280529008,-0.007769894590537514,0.01688120965087727,0.00219130976382715,-0.007921856269945194,0.002191309763827151,-0.007921856269945194,-0.007769894590537514,-0.031687425079780784,-0.031079578362150063,0.02004600960766129,0.00029996210039155284,-0.006513533293962111,-0.0007114196027685286
105,-0.007672565233682191,0.001677580138759121,0.00732368792050533,0.01975745797654711,-0.005069252674433615,0.01931168193647018,0.009754160206098235,-0.00765307725195608,0.00975416020609824,-0.00765307725195608,-0.005069252674433615,-0.03061230900782432,-0.02027701069773446,-0.002031683819725523,-0.00028440548787109937,0.007323687920505334,-0.004901978889010629
106,0.07138436619362594,0.001953756622924728,-0.003329829510006679,0.028291530935592262,-0.005027593541283393,0.032438962611441934,0.009797451164965058,-0.003384154707474889,0.00979745116496506,-0.003384154707474889,-0.005027593541283393,-0.013536618829899559,-0.02011037416513357,0.07832650321706157,0.00029177797945606737,-0.003329829510006673,-0.00234661967053176
107,0.04010628479970023,0.00174363776168296,0.01084526911885456,0.01262036230697973,-0.007955225702219938,0.01495053745384235,-0.0066431560387450175,-0.00302127418076476,-0.006643156038745022,-0.00302127418076476,-0.007955225702219938,-0.01208509672305904,-0.03182090280887975,-0.02448228973229254,-0.0001919489246485682,0.01084526911885456,0.0039816526489569355
108,0.044932332040749916,0.001748614514340575,-0.009761875969614451,0.020477667438244567,-0.005749141045499603,0.02308823592981216,-0.001624177493644643,-0.003806564859294445,-0.001624177493644645,-0.003806564859294445,-0.005749141045499603,-0.01522625943717778,-0.02299656418199841,0.008644165553981151,2.119258384126528e-05,-0.009761875969614451,-0.00130650465714191
109,0.06462213653202074,0.001753807829071679,-0.006520266597985747,0.02333495294345045,-0.005115006145241339,0.02708949907596087,-0.002519003451837031,-0.002693071069304252,-0.0025190034518370328,-0.002693071069304252,-0.00511500614524134,-0.01077228427721701,-0.02046002458096536,0.02396736250155021,2.145542971447058e-05,-0.006520266597985748,0.00022887931582125812
110,0.02308853405004621,0.001941915903642329,0.005198017325039861,0.01409402443749114,-0.00867275141466707,0.01543546826579885,-0.006456013485122161,-0.0050638331005749895,-0.006456013485122165,-0.0050638331005749895,-0.008672751414667067,-0.020255332402299958,-0.03469100565866827,-0.035381575084126184,0.00020441848738101618,0.005198017325039856,0.001207553363786892
111,0.045909782309968984,0.001492524922091026,0.005785563530579978,0.015526595929995468,-0.005534658612150566,0.01819395428220468,0.008544049546985807,-0.002369875322259173,0.008544049546985805,-0.002369875322259173,-0.005534658612150568,-0.009479501289036692,-0.022138634448602267,0.02501927670148716,-0.0004313311636474291,0.00578556353057998,-0.001117885789654397
112,0.07325619232527589,0.0014400425939093198,-0.010535778826617121,0.02240146049984178,-0.003424989981969113,0.026657645273940333,-0.0020720878348814693,-0.001101554671630102,-0.002072087834881471,-0.001101554671630102,-0.003424989981969113,-0.004406218686520409,-0.01369995992787645,0.03171702129121595,-3.8601846406260216e-05,-0.010535778826617121,-0.0002922330064024397
113,0.042943400379019316,0.001479599033952645,0.00105869788363264,0.01638849052801979,-0.005176922289358776,0.01888350209004084,-0.0067154453002668405,-0.002696930140548239,-0.006715445300266843,-0.002696930140548239,-0.005176922289358777,-0.01078772056219296,-0.020707689157435108,-0.023338802436890318,5.294883616668009e-05,0.001058697883632634,0.0003546826937191563
114,0.028937912455543217,0.001563206032238781,-0.002489217650502675,0.01321461825528706,-0.006523969889673902,0.014895910968954141,-0.006476808771589375,-0.003537907499453739,-0.006476808771589377,-0.003537907499453739,-0.006523969889673902,-0.01415162999781496,-0.02609587955869561,-0.00991727620739348,9.73672693018953e-05,-0.002489217650502677,0.002060307814567345
115,0.04935452042226009,0.001671315503631564,-0.006369449265605549,0.01146629449799543,-0.007897013668526466,0.01433379213452875,-0.006931568100030935,-0.0019473147063392671,-0.006931568100030937,-0.0019473147063392671,-0.007897013668526466,-0.007789258825357069,-0.031588054674105866,0.023171497232484583,0.0001226472874926031,-0.00636944926560555,0.005491954135010613
116,0.08321143530746278,0.00161077475919261,0.010987307677489809,0.002567800805388787,-0.010360632097293829,0.0074023851967523905,0.0040559007397134505,0.002163688994534979,0.00405590073971345,0.002163688994534979,-0.010360632097293829,0.008654755978139916,-0.04144252838917534,0.03855546522940183,-4.49975102551823e-05,0.010987307677489809,0.006085573123550211
117,0.05403792629868822,0.0016694803397133949,-0.002007755981214913,0.00441142101383501,-0.009968384319126842,0.0075510245317888264,-0.0018591166461784762,-0.0005412866694548123,-0.0018591166461784782,-0.0005412866694548123,-0.009968384319126843,-0.002165146677819249,-0.039873537276507366,-0.021251780367504133,7.368578578127356e-05,-0.002007755981214918,0.0011553628699830052
118,0.05451594712952718,0.001733389329161699,-0.002909888619471825,0.011379921709344971,-0.00836595405180908,0.014547298237570519,0.004086385086309865,-0.001683413466695223,0.0040863850863098634,-0.001683413466695223,-0.008365954051809081,-0.006733653866780891,-0.03346381620723633,0.005622431414474055,7.943515660763723e-05,-0.002909888619471826,-0.001408296505715385
119,0.0515400642186879,0.0018834578447220422,-0.002492068061551226,0.01434951361916965,-0.00845226040739292,0.01734399135027544,0.0003046250511536961,-0.0027238653347954104,0.000304625051153694,-0.0027238653347954104,-0.008452260407392923,-0.010895461339181641,-0.033809041629571684,0.002214035255891689,0.00016618903632154518,-0.002492068061551228,-0.00026684906746960563
120,0.06348890314431221,0.001723727089348406,-0.003776507622851985,0.01966392884784648,-0.005975219025800796,0.02335263412053104,0.002232135147403619,-0.002169466312700616,0.002232135147403618,-0.002169466312700616,-0.005975219025800796,-0.008677865250802465,-0.02390087610320318,0.0168554530392434,-0.0001422145974177219,-0.0037765076228519867,-0.00127192065233626
121,0.05858350989621131,0.001832478715083156,-0.008371393749666053,0.0226104379386538,-0.005785032160098718,0.02601413986362371,-0.005709888006573389,-0.003255614983519768,-0.005709888006573393,-0.003255614983519768,-0.005785032160098717,-0.013022459934079071,-0.02314012864039487,0.0011387503312375949,0.0001247822876656884,-0.008371393749666056,-0.0003283060221752655
122,0.037480566121029665,0.001702827979580123,0.0032272543910101853,0.01634127371173939,-0.006591052479745281,0.018518894603371232,-0.004267990869242282,-0.0036716185413738344,-0.004267990869242285,-0.0036716185413738344,-0.006591052479745282,-0.014686474165495341,-0.02636420991898113,-0.01552579363306234,-0.00011260868345276,0.0032272543910101827,0.001119375043113708
123,0.002927565934340997,0.0017804382308730512,-0.001225540198888199,0.0142955456008933,-0.007404737166146209,0.01446563718167852,-0.0052787976205809035,-0.006275505423164079,-0.005278797620580908,-0.006275505423164079,-0.007404737166146209,-0.02510202169265632,-0.029618948664584838,-0.030984850291966664,9.344655150302332e-05,-0.001225540198888199,-1.529487799583009e-05
124,0.048314178260992185,0.001463926332887783,0.003082128522369962,0.01090051324168403,-0.006710124617329346,0.01370756699864768,0.0023240583393391127,-0.001432331379345793,0.0023240583393391123,-0.001432331379345793,-0.006710124617329347,-0.005729325517383171,-0.02684049846931739,0.045665316603600466,-0.0002999538224381481,0.003082128522369965,0.0047140362283249965
125,0.06954976419009788,0.001314320253888607,0.01920238950962015,0.00569197387461491,-0.007424674964448378,0.009732815174059613,0.01522763768503209,0.001368027136572381,0.01522763768503209,0.001368027136572381,-0.007424674964448378,0.005472108546289526,-0.029698699857793512,0.02583509569955212,-0.0001359915641033209,0.01920238950962015,-0.0013008591449600948
126,0.06326058093692137,0.001262203058844038,-0.00841785477011652,0.01303180759167065,-0.004908401101480052,0.0167072473441058,-0.0014434226000703278,-7.219998306539667e-05,-0.001443422600070331,-7.219998306539667e-05,-0.004908401101480052,-0.0002887999322615867,-0.01963360440592021,0.0003319542977208122,-3.989401668340676e-05,-0.008417854770116525,-0.00112650487984007
127,0.0355297889292964,0.001283059518687749,0.008034665250252836,0.003287465369007845,-0.0076419737926508935,0.0053517461057999895,-0.003320835988052971,-0.0008717460538025366,-0.003320835988052975,-0.0008717460538025366,-0.0076419737926508935,-0.003486984215210146,-0.03056789517060358,-0.02170838470243008,3.259494829095905e-05,0.00803466525025283,0.0029261452767367713
128,-0.01260961655411085,0.001294754895614033,0.0005217299825388079,0.009055956738067444,-0.005653082925231689,0.008323338016273616,0.003493321893012435,-0.005523837198555513,0.003493321893012434,-0.005523837198555513,-0.005653082925231688,-0.02209534879422205,-0.02261233170092675,-0.04475696957733825,2.362783045007984e-05,0.0005217299825388081,-0.005347819999967685
129,-0.01816544134162957,0.0014683879404334221,0.002770906608616332,0.003246314543093196,-0.008415780383767404,0.002190902401144514,-0.003361529006512771,-0.005538378327224499,-0.003361529006512771,-0.005538378327224499,-0.008415780383767404,-0.022153513308898,-0.03366312153506962,-0.006756260283470066,0.000185674265348601,0.002770906608616337,0.004033224628846946
130,-0.03875519559799563,0.001259073019604956,-0.0001551422894102155,0.006256604373575938,-0.006020438452264883,0.004004927509332386,0.001658882818777652,-0.0070768736602339795,0.001658882818777654,-0.0070768736602339795,-0.006020438452264885,-0.028307494640935918,-0.02408175380905954,-0.02231910427208919,-0.0001956589129824343,-0.0001551422894102092,-0.0009027537869892736
131,0.02050348897164883,0.001359005378365562,0.002694168943968905,0.009287018617117823,-0.006271937591111399,0.01047827132637061,0.009167512761007121,-0.003118368943925332,0.009167512761007121,-0.003118368943925332,-0.006271937591111399,-0.012473475775701329,-0.0250877503644456,0.055569189948715285,0.0001116417378429337,0.002694168943968912,0.001216827856402223
132,0.03723156732346862,0.001464572086004092,-0.0040252809367160155,0.01212886670925957,-0.006267864330298072,0.0142920207707531,-0.0002115314923335239,-0.002483665418362042,-0.00021153149233352458,-0.002483665418362042,-0.006267864330298072,-0.009934661673448166,-0.02507145732119229,0.01868001050192076,0.00011820545765732959,-0.004025280936716015,0.001135511792909072
133,0.02359322032457829,0.0012027547765555279,0.009574411714003842,0.008729775511807892,-0.005447262820387603,0.0101005416126659,0.005382932555916645,-0.002407189016667237,0.0053829325559166434,-0.002407189016667237,-0.005447262820387601,-0.009628756066668949,-0.0217890512815504,-0.01009390178969613,-0.0002481967890487266,0.009574411714003842,-0.001393157953739363
134,0.02265601931103192,0.001120662811189376,-0.0019094714979923078,0.0162508725367603,-0.002728038276800265,0.017567187258731267,0.005557174148073056,-0.003379746708333561,0.005557174148073056,-0.003379746708333561,-0.0027280382768002627,-0.01351898683333424,-0.01091215310720105,0.00130887356135348,-7.090634594418552e-05,-0.0019094714979923078,-0.004806433374072424
135,0.08366178056220379,0.001173057711154476,0.00393032850958456,0.01707935331364065,-0.003324364223786748,0.0219401027643047,0.008303244015157998,0.001156349798131681,0.008303244015157996,0.001156349798131681,-0.003324364223786748,0.004625399192526724,-0.01329745689514699,0.0631626142895821,6.281706410915999e-05,0.00393032850958456,-0.0002917139526975301
136,0.07630437235460119,0.0008915422967801967,0.002805685529291886,0.02170410228388548,-0.00010154021840521379,0.02613738631768784,0.007002969082675027,0.0005984676164236763,0.007002969082675024,0.0005984676164236763,-0.00010154021840521429,0.0023938704656947052,-0.0004061608736208571,0.0006071933019191758,-0.0002706059776605441,0.002805685529291879,-0.006881661007766528
137,0.04282915568550387,0.000758915068122684,-0.0011065243771248038,0.021892047290941782,0.001084365508167867,0.02438042123626959,-0.0028634894585430467,-0.001727433175409112,-0.002863489458543051,-0.001727433175409112,0.001084365508167866,-0.0069097327016364495,0.004337462032671465,-0.02621104042093931,-0.0001243358852974576,-0.001106524377124811,-0.00523211929362922
138,0.004222553414450075,0.0009002702442114461,0.0025283377234534077,0.01247960772554348,-0.0022443198078809646,0.01272493807892304,-0.009127145433893131,-0.0037275741891328773,-0.009127145433893138,-0.0037275741891328773,-0.002244319807880964,-0.01491029675653151,-0.008977279231523857,-0.03452926664979384,0.00014841308622230343,0.002528337723453404,0.0004177354980198031
139,-0.03983678648133553,0.0008557365619444519,-0.017105206005842408,0.015714190340622467,-0.0006592502983311373,0.01339967304605688,-0.01643047103870857,-0.007548829332781514,-0.01643047103870857,-0.007548829332781514,-0.0006592502983311367,-0.030195317331126063,-0.002637001193324547,-0.043657352810729966,-3.6161168995826456e-05,-0.017105206005842408,0.0003409504706758212
140,-0.006884864649841876,0.0005878239391834501,0.003075143219203207,0.01639531687388295,0.001003754920019441,0.01599530623772713,0.00567077641087345,-0.004399220690289262,0.00567077641087345,-0.004399220690289262,0.0010037549200194401,-0.01759688276115705,0.004015019680077761,0.029159459758470518,-0.0002599542727349164,0.003075143219203214,-0.002195855879233375
141,-0.034643946997282384,0.000854416052227102,0.008946604666161194,0.003729497100187178,-0.004167095854454754,0.001716683779645073,-0.0053320177919208645,-0.005381498504399026,-0.0053320177919208645,-0.005381498504399026,-0.004167095854454754,-0.0215259940175961,-0.016668383417819017,-0.02841452146210545,0.0002720588756780595,0.008946604666161194,0.002123341668452153
142,-0.07594552200787723,0.0004638550961926335,0.01494302026716059,-0.008096489218649704,-0.004730407837735794,-0.01250892404730738,0.0007174124402081285,-0.005921895857317836,0.0007174124402081287,-0.005921895857317836,-0.0047304078377357955,-0.023687583429271342,-0.018921631350943182,-0.04459967876473613,-0.0003826148867487544,0.01494302026716059,0.0023434423075921053
143,-0.0756909726385891,0.0002575631786778044,0.001391818161802201,-0.00043116381550182187,-0.001175149712352106,-0.0048288093258038725,0.009071932883305696,-0.006514468351344132,0.0090719328833057,-0.006514468351344132,-0.001175149712352106,-0.02605787340537653,-0.004700598849408424,-0.006975464325861751,-0.0002019780651202353,0.001391818161802212,-0.003659430541936011
144,-0.0626890127444889,0.00048795037217676463,-0.00427427557430156,0.004730200809262453,-0.0012762534903137089,0.0010879691688076198,0.001642502920309925,-0.006821281448489573,0.0016425029203099289,-0.006821281448489573,-0.0012762534903137089,-0.027285125793958292,-0.0051050139612548355,0.005796179298906517,0.0002327825310606664,-0.004274275574301551,-0.001246219868084882
145,-0.037987575828399615,0.00035009324748729704,-0.006246772668900527,0.006217638192882936,-0.00015412056038320292,0.004010560037252899,-0.003324181800455255,-0.004759420488184085,-0.003324181800455254,-0.004759420488184085,-0.00015412056038320248,-0.019037681952736342,-0.0006164822415328099,0.01873344290281395,-0.00013331918622822158,-0.006246772668900519,0.0024094226048270943
146,0.014581296475444868,0.0005675675009953934,-0.01589765257662331,0.0106581128433214,-0.0007031933188243277,0.01150528616854474,-0.008402926445331478,-0.001823700610815527,-0.008402926445331478,-0.001823700610815527,-0.0007031933188243277,-0.007294802443262106,-0.0028127732752973107,0.04895245508498086,0.0002207301207097293,-0.01589765257662331,0.004772281422491957
147,0.0146637727272764,0.00047943980950984627,0.001411793654734349,0.009246684053624369,-0.0005425694708644716,0.01009864924907913,5.156735268743544e-06,-0.001392055566237257,5.156735268742243e-06,-0.001392055566237257,-0.0005425694708644716,-0.005568222264949029,-0.002170277883457886,0.001470615676293876,-8.284931372628983e-05,0.001411793654734349,-0.0008900412076214176
148,0.02072227168803879,0.0003332716427931852,2.909888067556167e-05,0.005625829537734973,-0.0006954170598078926,0.006829793522810035,-0.003239756845593535,-2.388949463048634e-05,-0.003239756845593537,-2.388949463048634e-05,-0.0006954170598078924,-9.555797852194536e-05,-0.00278166823923157,0.0074544901243990954,-0.0001417093764882196,2.909888067556055e-05,0.0019894458122421783
149,0.0305491144432372,0.0003975408758714628,0.001660271423739661,0.008315228030330687,-0.00041194560552033536,0.01009013157948278,0.004920609480412405,0.0001938668282942084,0.004920609480412405,0.0001938668282942084,-0.00041194560552033536,0.0007754673131768336,-0.001647782422081342,0.0117996030198997,6.736865935625359e-05,0.00166027142373966,-0.0029468855764411537
150,-0.01018533134334702,0.0003090648221914779,-0.0014590990835245368,0.007422874663551131,0.00023417155602694883,0.006831106912502681,-0.004718123750504629,-0.0026527165092016,-0.00471812375050463,-0.0026527165092016,0.0002341715560269487,-0.0106108660368064,0.0009366862241077948,-0.037826170091588035,-8.477892353438016e-05,-0.001459099083524539,-0.002296480525207354
151,-0.031953790743327035,0.0003122329161043855,0.0014998704659582788,0.002524399563466122,-0.0010288151961004449,0.0006678843212788192,-0.004663352125265583,-0.0036508420752711756,-0.004663352125265584,-0.0036508420752711756,-0.0010288151961004449,-0.0146033683010847,-0.004115260784401779,-0.02273810294386665,6.042396759289374e-06,0.0014998704659582801,0.0008287661425507349
152,-0.01487455657634422,0.0006066868698986977,-0.009186617062175521,0.009980483891869377,-0.0009127058627725508,0.009116272154783769,-0.0007382292286705772,-0.004132768529579265,-0.0007382292286705753,-0.004132768529579265,-0.000912705862772551,-0.01653107411831706,-0.003650823451090204,0.014037233288218091,0.0002973577199140841,-0.009186617062175516,-0.0014875076289218609
153,0.0185398739894479,0.0007597477266648358,0.011312737288837109,0.001606819333802184,-0.00460321654776291,0.002683986012589102,0.00488045114664244,-0.0006624549694028973,0.004880451146642439,-0.0006624549694028973,-0.00460321654776291,-0.002649819877611589,-0.01841286619105164,0.031998372779724164,0.00015870304465619652,0.011312737288837109,0.0030514905056602307
154,0.061570262650941114,0.0005800801964584606,-0.002878213436865,0.014237705822967732,-0.0001296615806835062,0.017814938082987418,0.01225273863353332,0.001307982429138237,0.01225273863353332,0.001307982429138237,-0.0001296615806835062,0.005231929716552948,-0.0005186463227340246,0.04479538466528865,-0.0001726018763483934,-0.0028782134368649987,-0.005186436476364679
155,0.04222693358329233,0.000929345959617052,-0.014807230759231882,0.01677445643980444,-0.0014973810071246538,0.01922784128099374,-0.01339432756122555,-0.001446803879470458,-0.01339432756122555,-0.001446803879470458,-0.001497381007124653,-0.005787215517881835,-0.0059895240284986145,-0.01348184006327921,0.000354660508985654,-0.014807230759231882,0.0003537598078473507
156,0.02726465442607966,0.0007698715252204616,-0.019993962173808992,0.02183996398611161,0.001125229316856503,0.02342404040826685,-0.015797763046535882,-0.002968342509113505,-0.015797763046535882,-0.002968342509113505,0.0011252293168565039,-0.01187337003645402,0.004500917267426015,-0.01094227508008325,-0.0001508315169721521,-0.019993962173808996,0.0006870318395855736
157,0.02269756445955988,0.0007128022171608282,0.0042214116079254075,0.01507362224953559,-0.0004295162555837106,0.01639235074463603,-0.0028102780557054128,-0.00219363951647082,-0.002810278055705415,-0.00219363951647082,-0.0004295162555837103,-0.008774558065883278,-0.001718065022334841,-0.00197149486515701,-4.990950287508279e-05,0.004221411607925407,-0.0004395530329624957
158,0.028981748253948468,0.0008598132045162803,0.006519015181002233,0.00814744575711306,-0.003440090948169161,0.009831285330667478,-4.205023296632209e-05,-0.001049526750214048,-4.205023296632426e-05,-0.001049526750214048,-0.00344009094816916,-0.0041981070008561905,-0.01376036379267664,0.008444991930938683,0.00015364004797504782,0.006519015181002231,0.001143116290847133
159,0.04316120720632727,0.000614478484558222,0.003528964841333907,0.002241015844362967,-0.0036798014315038642,0.004748681983050593,-0.0015536385062829788,0.001536508513246825,-0.001553638506282981,0.001536508513246825,-0.0036798014315038642,0.006146034052987301,-0.014719205726015459,0.01693852138615469,-0.00023733845715605766,0.003528964841333904,0.004253223324710692
160,0.0631947887762303,0.0008608428077563901,0.0064846233259082744,0.004541351997274246,-0.0047710151250739885,0.008212969225173242,0.009948910568030923,0.0021611867389817424,0.009948910568030923,0.0021611867389817424,-0.004771015125073987,0.00864474695592697,-0.01908406050029595,0.024142528495945382,0.0002520789731045578,0.006484623325908271,-0.002221755532200892
161,0.06525274981132355,0.001030931992498395,-0.006780292300230382,0.01073736002455441,-0.004092710048825763,0.014528544788592331,-0.00046471673681128934,0.0009932615524897513,-0.0004647167368112915,0.0009932615524897513,-0.004092710048825761,0.003973046209959005,-0.01637084019530305,0.008074104926590357,0.00017809502285413682,-0.006780292300230386,-0.0011776150018999868
162,0.06273221135721255,0.001049054668281008,-0.0038196418582815647,0.009593331865555908,-0.004521098001145372,0.01323807334540998,-0.005110113301463911,0.0009182794445394027,-0.005110113301463914,0.0009182794445394027,-0.004521098001145372,0.003673117778157611,-0.01808439200458149,0.003691523327926974,2.771034331284705e-05,-0.003819641858281571,0.002109742156109208
163,-0.0059732770171491215,0.00155822207972154,0.006310932716212446,0.007077398357705786,-0.007986117946864185,0.006730350963009445,-0.0001967896661880851,-0.005365648571677172,-0.00019678966618808669,-0.005365648571677172,-0.007986117946864185,-0.02146259428670869,-0.03194447178745674,-0.06273338185315505,0.0005189236198555439,0.006310932716212443,-0.004289167798512943
164,0.05089014068212877,0.0018525845508284128,0.004670424846266604,0.01154854611259698,-0.009059045964436184,0.01450526328622866,0.01244533716948581,-0.002287884634171658,0.01244533716948581,-0.002287884634171658,-0.009059045964436182,-0.009151538536686632,-0.036236183857744735,0.0562947617272453,0.0003088539364482837,0.004670424846266609,-0.0002584919387833671
165,0.07803142566388903,0.001594994789611056,0.008803860276631402,0.01433878803043741,-0.006804133392051693,0.01887241386150939,0.01317101085191213,7.105961689482868e-05,0.01317101085191213,7.105961689482868e-05,-0.006804133392051693,0.0002842384675793147,-0.027216533568206767,0.0319860263746989,-0.0002403607248946541,0.0088038602766314,-0.002597933617157881
166,0.045170884256958116,0.001793627010003975,-0.01710137691976255,0.024492659582021792,-0.004878588136603464,0.027117087957351092,-0.00885670282392085,-0.0044877939127911885,-0.008856702823920854,-0.0044877939127911885,-0.0048785881366034635,-0.01795117565116475,-0.01951435254641385,-0.02543194968372869,0.0002134656719363005,-0.01710137691976256,-0.003216622932668872
167,0.006524790089931697,0.001620937778827125,0.0003724042324018123,0.02210999670029106,-0.004136386684559058,0.02248908700451611,-0.004255596720433161,-0.006743449236725929,-0.004255596720433165,-0.006743449236725929,-0.004136386684559058,-0.02697379694690372,-0.01654554673823623,-0.034345825985764016,-0.0001560084999838129,0.00037240423240181134,-0.002628305384620816
168,0.042913870257721434,0.001804641611392585,0.01344658232903118,0.016391315561856683,-0.0072798615068671345,0.01888461142383031,0.009842106748345372,-0.003504777485883379,0.00984210674834537,-0.003504777485883379,-0.007279861506867137,-0.01401910994353352,-0.02911944602746855,0.03701024018435123,0.000198778553908553,0.01344658232903118,-0.000555531656878467
169,0.048453660388464534,0.002251437749446961,-0.003118307541653911,0.0122885979693343,-0.01140643080250249,0.0151037556379041,-0.006899163327580114,-0.003575451848324611,-0.006899163327580119,-0.003575451848324611,-0.01140643080250249,-0.01430180739329844,-0.04562572321000995,0.009625190579278171,0.00046357930504032697,-0.003118307541653913,0.0050385863594000655
170,0.02235852983190485,0.002263433302542005,0.00043863158200755536,0.01480396803608895,-0.01054222492569443,0.016102998619322642,0.001437874563426086,-0.006021598104290454,0.0014378745634260849,-0.006021598104290454,-0.01054222492569443,-0.024086392417161817,-0.04216889970277772,-0.02148234208757787,3.293392416490052e-05,0.0004386315820075558,-0.001388496739978214
171,0.025134334039384608,0.002100185789987552,-0.01960404598166115,0.028810677315214236,-0.005447931484773603,0.0302709821229025,-0.0054360624780812996,-0.0074523165187092765,-0.0054360624780813,-0.0074523165187092765,-0.0054479314847736045,-0.0298092660748371,-0.021791725939094418,0.004904336247477097,-0.0001421975828408131,-0.01960404598166115,-0.001937153389021578
172,-0.0036238958188046064,0.001699039572517982,-0.0038914055125935203,0.02091712398253773,-0.004904998186070725,0.02070657563546521,-0.01345581200003082,-0.007558444823442913,-0.01345581200003082,-0.007558444823442913,-0.004904998186070725,-0.03023377929377165,-0.0196199927442829,-0.02636544125763981,-0.00038161448962268464,-0.0038914055125935185,0.0036589532393017776
173,0.023523393023205368,0.0019315420958482782,-0.002132549825813248,0.019446780786353368,-0.007057501566188456,0.02081348992100161,-0.00202563554027685,-0.005788555214068344,-0.002025635540276851,-0.005788555214068344,-0.007057501566188458,-0.023154220856273368,-0.028230006264753832,0.02680229396005978,0.0002483035913547149,-0.0021325498258132443,0.002083973846749823
174,0.03158868120611247,0.001661987433431216,-0.007541205670689662,0.02290026117801648,-0.004377368622369593,0.02473556355609163,-0.0036191320355996475,-0.004994146852973198,-0.0036191320355996475,-0.004994146852973198,-0.004377368622369593,-0.01997658741189279,-0.017509474489478368,0.01030471519871625,-0.0002515913209256726,-0.0075412056706896605,0.0001321721577567729
175,0.04013182740469907,0.001669383580239499,-0.01018008624550308,0.02991835505378604,-0.0024604867058015487,0.03225001422599907,-0.002665635575595641,-0.00537066598761564,-0.0026656355755956423,-0.00537066598761564,-0.002460486705801548,-0.02148266395046256,-0.009841946823206191,0.0115503886494085,2.285262993919284e-05,-0.01018008624550308,-0.003318199212139898
176,-0.04435746979000769,0.001690728690455129,0.0040250458800655965,0.01599161304520051,-0.0059468854088693315,0.01341444405040109,-0.01481052429553239,-0.010012407010881179,-0.0148105242955324,-0.010012407010881179,-0.00594688540886933,-0.040049628043524715,-0.02378754163547732,-0.08066874722577944,3.6870377511859776e-05,0.004025045880065594,0.0008772796991580087
177,-0.1014787524955318,0.001649461508397334,-0.004403744693190408,0.0126669423493716,-0.006177843700925507,0.006771026829381191,-0.01104716191421031,-0.01390540970988787,-0.01104716191421031,-0.01390540970988787,-0.006177843700925505,-0.055621638839551464,-0.02471137480370202,-0.06134411382953285,-2.554340523655931e-05,-0.004403744693190399,0.000774915529212354
178,-0.08462741014781579,0.001637862142628183,0.005122471676211633,0.01017555703777575,-0.006962334554353262,0.005258704508187625,0.003610149355018051,-0.01218917210773579,0.003610149355018057,-0.01218917210773579,-0.00696233455435326,-0.04875668843094318,-0.02784933821741304,0.007190565110141421,3.7406262589484253e-06,0.005122471676211647,0.0012952198622298151
179,-0.0685357773012391,0.00171592361044044,-0.006169870007480514,0.02207143327274038,-0.004150476359072696,0.01808950461153836,0.006660930095870215,-0.012863317918943809,0.006660930095870217,-0.012863317918943809,-0.004150476359072696,-0.05145327167577525,-0.01660190543629078,0.008035103400504656,9.329358573870232e-05,-0.006169870007480499,-0.005357915032066351
180,-0.01293479883854733,0.001585892864631999,0.004039781707319032,0.02616421346253911,-0.002575663457222252,0.02541270165001949,0.01136297874580015,-0.008777907244839567,0.01136297874580015,-0.008777907244839567,-0.0025756634572222533,-0.03511162897935827,-0.01030265382888901,0.04907637246361383,-0.00011407265623134092,0.004039781707319043,-0.0037461383233744344
181,0.08400539518179978,0.001477959337029481,-0.004357552373818021,0.0380943728091087,0.0007909702703300887,0.042975086269171264,0.01320483224533375,-0.00265196345421004,0.01320483224533375,-0.00265196345421004,0.0007909702703300884,-0.01060785381684016,0.003163881081320354,0.0957088011709174,-9.318472396143985e-05,-0.0043575523738180145,-0.005709768147658819
182,0.07757632787781851,0.0012215325597088721,-0.0005306721019205611,0.029034712018126612,-0.00012294190756144928,0.03354189666782791,-0.009963861703263915,-0.001193426081479661,-0.00996386170326392,-0.001193426081479661,-0.0001229419075614499,-0.004773704325918644,-0.0004917676302457997,0.001568246317326059,-0.00024268175548623598,-0.0005306721019205686,0.0006494145808879975
183,0.05629977838086831,0.001298437776681408,0.006165886642573058,0.01688324969055504,-0.003969715048860488,0.02015426681448352,-0.007221743210771321,-0.001272583276393292,-0.007221743210771323,-0.001272583276393292,-0.003969715048860488,-0.005090333105573167,-0.01587886019544195,-0.0138912830829819,8.826546977782838e-05,0.006165886642573051,0.001522855455623467
184,0.1176199884549226,0.001146787523353134,0.027724400036424467,0.001550327423658826,-0.007932680755443176,0.00838404875288985,0.0159541819748308,0.006162236170160049,0.0159541819748308,0.006162236170160049,-0.007932680755443178,0.0246489446806402,-0.03173072302177271,0.06667994897591288,-0.0001395747820051387,0.027724400036424467,0.003927313608701505
185,0.1000825260096793,0.001033318077872729,-0.009898000690432908,0.006590612621861116,-0.005594178131122981,0.012405407383023521,-0.005876642060299225,0.004328291630685275,-0.005876642060299231,0.004328291630685275,-0.005594178131122981,0.0173131665227411,-0.022376712524491933,-0.0063400395443346845,-0.00010280432151322479,-0.00989800069043292,0.001565827654240018
186,0.03974270794503878,0.0009403303415592403,-0.0001301205505251678,0.005988945272978162,-0.0046747439456605155,0.00829799660458495,-0.004237531328963737,-8.819448578044776e-05,-0.004237531328963741,-8.819448578044776e-05,-0.0046747439456605155,-0.00035277794312179103,-0.01869897578264207,-0.05081196158851906,-8.337787818927505e-05,-0.00013012055052517648,-0.001921739248954328
187,-0.01788529885261,0.001270879129795687,0.0137066227866226,-0.0029126441233564924,-0.00892492062937549,-0.00395177998669312,0.001456846195344535,-0.00412449239360694,0.001456846195344533,-0.00412449239360694,-0.00892492062937549,-0.01649796957442776,-0.03569968251750196,-0.0538445010012811,0.0003392938604129478,0.0137066227866226,-0.0006810833478632005
188,-0.042746373891402865,0.001399768371596225,-0.02052576031760344,0.008063398640394747,-0.006374866565147732,0.005579834317304235,-0.0109941460136061,-0.00800340571990987,-0.0109941460136061,-0.00800340571990987,-0.006374866565147731,-0.03201362287963947,-0.02549946626059092,-0.02656375548956133,0.0001407084177076382,-0.02052576031760344,0.001605605774049919
189,0.03204609592629594,0.001489103429723778,0.008844230393645654,0.01946250696027148,-0.004258527197399688,0.02132438513358927,0.02458878120993068,-0.004026213028076765,0.02458878120993068,-0.004026213028076765,-0.004258527197399687,-0.01610485211230706,-0.01703410878959875,0.07072301502323726,0.0001023529039833994,0.008844230393645664,-0.007332716704013613
190,-0.03556163477262049,0.001088367436312798,-0.006209969233329428,0.02053296487878015,-0.0008030952500727892,0.01846683389849092,-0.009067520468427777,-0.008495804866897341,-0.009067520468427777,-0.008495804866897341,-0.0008030952500727883,-0.03398321946758937,-0.003212381000291153,-0.06455694236673308,-0.00038688733151454816,-0.006209969233329428,-0.003964529500595274
191,0.009576979109704913,0.001152984815459523,-0.012011071969137829,0.02266793811478355,-0.000970442124125526,0.02322436060105739,-0.007253545266571366,-0.0054266300234585545,-0.007253545266571366,-0.0054266300234585545,-0.0009704421241255251,-0.021706520093834218,-0.0038817684965021006,0.041753146251971934,7.473919630443586e-05,-0.012011071969137829,0.0025674747300027897
192,0.014959828471739182,0.001264531170640044,0.02133151568599164,0.007946326187165672,-0.006003821866414977,0.00881549222137373,0.006922647306307975,-0.0031228218816463,0.0069226473063079726,-0.0031228218816463,-0.006003821866414977,-0.0124912875265852,-0.02401528746565991,0.006294577773278171,0.0001222691139642954,0.02133151568599164,0.0005691949907131323
193,0.01014157406983264,0.001107285970027701,0.003072912250166355,0.00936225406194229,-0.004536281997446136,0.009951479515399571,0.004208899544192197,-0.0033190177407247537,0.004208899544192197,-0.0033190177407247537,-0.004536281997446137,-0.01327607096289901,-0.01814512798978455,-0.003394078731396973,-0.00014548506072539018,0.003072912250166357,-0.001657710280211137
194,0.0033731849217569576,0.001456031533473738,-0.007388061151290082,0.02227291738202502,-0.002996008453595181,0.02246889942597911,0.00512935875928945,-0.006606236151603021,0.005129358759289452,-0.006606236151603021,-0.0029960084535951828,-0.026424944606412083,-0.01198403381438073,-0.00580291129662762,0.0003590433229672948,-0.007388061151290078,-0.007844128146383926
195,0.007027513309647235,0.0009123069286926008,0.0009063709323439065,0.01673227914790169,-0.001112390197498336,0.01714057767119219,-0.0044219508224430095,-0.004160572258241191,-0.004421950822443012,-0.004160572258241191,-0.001112390197498337,-0.01664228903296476,-0.004449560789993347,0.003975455592441539,-0.0005301835115198302,0.0009063709323439084,0.0018592874983391879
196,-0.0020299838282758107,0.0007131799092208921,0.006229517466885103,0.01354622178802334,-0.0006731430868205442,0.013428279727600521,0.002517219523293431,-0.003911162107223583,0.00251721952329343,-0.003911162107223583,-0.0006731430868205441,-0.01564464842889433,-0.0026925723472821764,-0.008388477870844631,-0.0001906425650348664,0.006229517466885104,-0.002727716746580824
197,-0.0008266949396543733,0.000631183256336265,0.001626338162795905,0.0108146088824823,-0.0009440134007385203,0.01076657790648839,-0.001035363658316231,-0.003213285797744706,-0.001035363658316231,-0.003213285797744706,-0.0009440134007385203,-0.01285314319097882,-0.0037760536029540813,0.001010034428169581,-7.536407972887181e-05,0.0016263381627959071,-0.000315900410264952
198,-0.03278418959381572,0.0009452404792101038,-0.01137486965549391,0.01333941868119832,-0.0019844793620641807,0.01143465726579763,-0.01070679029618467,-0.006869036841346275,-0.01070679029618467,-0.006869036841346275,-0.0019844793620641807,-0.0274761473653851,-0.007937917448256723,-0.03203619601241645,0.0003199272271577671,-0.01137486965549391,-0.0008550022148086255
199,-0.0356070784550656,0.0008290792637143776,-0.01928843185947932,0.02191899174035183,0.001277448863680177,0.019850220482112508,-0.010872868643164441,-0.008060294938802774,-0.010872868643164441,-0.008060294938802774,0.001277448863680177,-0.0322411797552111,0.005109795454720708,-0.005943943710581121,-0.00010737047903906991,-0.01928843185947932,-0.001004865079316318
