,y,c,k,l,z,g,r,w,i,log_y,log_k,log_c,log_l,log_w,log_i,eps_z,eps_g
0,-1.112421458607274,0.5656374712044979,8.579558598551056,-0.08318288901371224,-1.2248365273682391,0.7638376124295303,-0.1350109960272127,0.3999069082738607,-2.053985989172133,-2.018958883182669,2.175413323341536,-0.5697540920844222,-2.3607319851692243,-0.05870446461070966,-10.197804931141961,-1.2248365273682391,0.7638376124291069
1,0.3384406830447845,0.5638283099958377,7.833381524554732,0.2375653601282784,-0.4190232233163393,0.5046192120315799,0.0678760967491823,1.2818707579570081,-0.5460674173429849,-0.631611114478899,2.106806430071011,-0.572921359719271,-1.388767593829858,0.3566789127543405,-4.4301791700009625,-0.4190232233163393,0.5046192120313305
2,2.112522702509199,0.5663040561821105,8.854487347732613,0.5934773535600879,0.5774259068406651,0.5409461200231371,0.2918984939235508,2.5938218969902005,1.2177964948457842,1.064806939684988,2.2006915153544293,-0.5685871131466902,-0.3102464016122539,0.9745757747009096,2.316409889344845,0.5774259068406651,0.5409461200231773
3,0.0031082657512433443,0.5639527044090596,7.8846872118727935,0.1657060740911169,-0.6021214749431049,-0.042490419814764084,0.023969499466175583,1.0633940873362908,-0.7649186449534409,-0.952263688938178,2.1115237068899693,-0.5727035845441965,-1.606523006063681,0.2537817505288046,-5.267261491158565,-0.6021214749431049,-0.04249041981504115
4,1.4063446437312441,0.565041312746249,8.333676820915677,0.4539521004475023,0.1838840385289877,-0.06587808135434042,0.2055932146800987,2.057785720190564,0.6422137416202531,0.3895432285252354,2.152805841199193,-0.5707977765173045,-0.7330501989231193,0.7221158608519751,0.1148679910014292,0.1838840385289877,-0.06587808135440311
5,0.4672530681171115,0.5634813267134066,7.690270468906045,0.2674851695501308,-0.3491356669644526,0.6522051490322208,0.08637905067628443,1.350891921185905,-0.4483630689452913,-0.5084377474986189,2.093648152682325,-0.5735288174267527,-1.29810150467273,0.3891861905775572,-4.056470584324177,-0.3491356669644526,0.6522051490319785
6,0.8982619072429515,0.5633878320214796,7.651709175792769,0.3593332407774038,-0.1039524762666229,-0.1137348223614678,0.1461976759007927,1.6350109004214781,0.1459842025373138,-0.0962971766708792,2.090102653077483,-0.5736924969873983,-1.019774016105236,0.5229992728379943,-1.783156429231102,-0.1039524762666229,-0.1137348223616298
7,1.901518771383268,0.5663774926153096,8.884775739163357,0.5482982011995247,0.4728987083924611,-1.431614379883766,0.2684097237404004,2.456107110174063,1.427131336956912,0.8630401248848212,2.203476366980995,-0.5684585492370856,-0.4471529239169909,0.9097154822055358,3.1170930632379514,0.4728987083924611,-1.4316143798836949
8,2.2470945432663254,0.5694234025404825,10.14104198273646,0.597780172473386,0.6654694924312964,-0.0732964146716012,0.295961397333515,2.8393587506879134,1.480162622209449,1.193487630734084,2.3189831643562893,-0.5631261267429019,-0.2972075564204415,1.090217620557955,3.319932004731939,0.6654694924312964,-0.07329641467146644
9,2.3846762882633668,0.5730741187664399,11.64675675178839,0.5986057376757301,0.7572349325164038,-0.7666068332582607,0.2979987708003773,3.113379616318975,1.7618590376852166,1.3250464614846569,2.457425386794108,-0.5567348801855793,-0.2947058436860656,1.219274738573865,4.397390385490713,0.7572349325164038,-0.7666068332580189
10,0.6938537579767665,0.5725777219047202,11.44202101234965,0.2449733688964948,-0.187273545493673,-0.7760827177441667,0.07521759379783098,1.9558031400228848,0.0735525013972407,-0.2917569530672762,2.4386010574038894,-0.5576039136949422,-1.366319082411021,0.6740845627464217,-2.060199867267678,-0.187273545493673,-0.7760827177441668
11,1.9825080090759288,0.5747453577764788,12.33604868911815,0.5006410248033398,0.5320965175152146,0.08544960567359651,0.2340066359050398,2.9271707905275233,1.176420562056431,0.9404838977811152,2.520802003450718,-0.5538090705887039,-0.591568609966036,1.131574941149944,2.158151412855872,0.5320965175152146,0.08544960567378881
12,0.6312391465690751,0.5732130503244751,11.70405819234782,0.2268169232877352,-0.2311982748363306,0.87054050608451,0.05957430565021229,1.9454968712378082,-0.3406425719538831,-0.3516304854525101,2.462693940269831,-0.5564916550793159,-1.421338614558777,0.6692305625087528,-3.644451311495065,-0.2311982748363306,0.8705405060844643
13,2.715539112318968,0.5776912010349641,13.551043070241311,0.6328138222107109,0.9567362453191152,-1.026543507631803,0.3199143082267923,3.565033211952843,2.1435051343181293,1.6414251080305582,2.632514079223252,-0.5486518330991565,-0.1910449814588506,1.4319925228921968,5.857145507353017,0.9567362453191152,-1.026543507631423
14,2.601157380652936,0.5822134751074409,15.416226349131561,0.5736218579395344,0.9114987797955671,-1.87884215243011,0.2844780726855353,3.7136505870225687,2.206251707397425,1.5320506639316518,2.804007461430037,-0.5407347651026136,-0.3704145701593857,1.501987667493383,6.0971443760429045,0.9114987797955671,-1.878842152429635
15,1.207270723723242,0.5813482403449989,15.05936575524508,0.2856233071270642,0.1067637950766259,1.8861807265461672,0.0935400877594653,2.736649439026801,0.01079021402249453,0.1991841649027399,2.771196085242745,-0.5422495168265123,-1.243137451409295,1.041844049713798,-2.300258841441341,0.1067637950766259,1.8861807265463217
16,-2.2933501340483655,0.5724609492599938,11.39385887514062,-0.3856799931813327,-1.86683355030151,1.1949184402537811,-0.3271544275891618,-0.05143987856245857,-3.333614484800973,-3.148190059485844,2.434172812792347,-0.5578083455700604,-3.277389876586257,-0.2712777494979399,-15.09224579416969,-1.86683355030151,1.1949184402533077
17,3.183082265545526,0.5772322583743904,13.36175507867943,0.7352151340236436,1.205318046444956,0.6323214477561075,0.3802784984466007,3.855427326302099,2.2579530140112136,2.088500630769745,2.615110085604249,-0.5494552961781394,0.1192620240348845,1.5687610401377299,6.294896292811606,1.205318046444956,0.6323214477564953
18,1.669357996006387,0.5787643765666247,13.993667516457428,0.4033212507345359,0.3719959213559743,-0.3792804513498214,0.1735975622535132,2.9175464201484353,0.9582995392111024,0.6410426487270238,2.673210971688517,-0.5467730430213739,-0.8864770162351387,1.127042098364478,1.323862046101071,0.3719959213559743,-0.379280451349584
19,2.393560445756646,0.5819524048909197,15.3085495929979,0.5317526056981792,0.7845671083845677,-0.2983717539074726,0.2541173290349702,3.561556810299581,1.662069873941465,1.3335416973318608,2.7941071737192207,-0.5411918162726544,-0.4972910921028864,1.4303552228369518,4.015707606165947,0.7845671083845677,-0.2983717539070785
20,-0.8547566470422632,0.5776329711907845,13.52702654007184,-0.1215705622779605,-1.035000188602144,-1.0198263844914108,-0.1554649328184263,1.170034641849064,-1.428164016979838,-1.7725738606944867,2.630305890872945,-0.5487537750930317,-2.477058267788158,0.3040068404953735,-7.804103443450947,-1.035000188602144,-1.019826384491524
21,1.4242448846330482,0.5775787882155591,13.504679115353392,0.36067746991761995,0.2191783051223662,1.5525627062056002,0.1419202780037574,2.6942668300854202,0.3026379017510633,0.4066598508158268,2.628251167622981,-0.5488486323025328,-1.0157005944682171,1.0218828786862808,-1.183972940120506,0.2191783051223662,1.552562706205725
22,3.3581026746395914,0.5822435218323359,15.428618930377462,0.7334233121331579,1.3122686737059828,1.3998605377682658,0.376887137706686,4.222300552482273,2.264376401515797,2.255859173710142,2.8051468913703452,-0.5406821628144166,0.1138322607303826,1.7415493463821203,6.319465056627735,1.3122686737059828,1.399860537768748
23,1.1119947337907252,0.5821246564529812,15.379593658034839,0.2594693300629631,0.06838318791332519,-0.02211031439364839,0.08183212892999045,2.7114875826912437,0.321452255145232,0.108079070732035,2.800639286212826,-0.5408902584043129,-1.322391927361117,1.0299934314949302,-1.112010069351041,0.06838318791332519,-0.022110314393436067
24,-0.6378711038766467,0.5766079020340542,13.104243263296189,-0.06778083050096784,-0.9389742935642724,2.330646184673768,-0.1299713114412227,1.26428956396595,-1.9243402863065282,-1.5651829131077633,2.591433285217879,-0.5505483461616859,-2.31405908058515,0.3483986008790417,-9.70192411261616,-0.9389742935642724,2.330646184673567
25,0.9467566828230356,0.5760539556531398,12.87577158941605,0.27153100224751503,-0.04358459862139251,0.3421158369702206,0.08890290936374483,2.2983982755037795,0.08465731326351503,-0.04992535624539701,2.570426566717023,-0.5515181306315903,-1.285841405589748,0.8354384827466763,-2.01772516061634,-0.04358459862139251,0.3421158369702867
26,0.8806194701988019,0.5754552474924028,12.62883820314961,0.2621831238234672,-0.08091528035945393,0.1477134259231895,0.08354228703408803,2.224264866468515,0.060551833134176114,-0.1131672809799126,2.547722394923352,-0.5525662787850797,-1.314168309905044,0.8005234623275107,-2.109926019983698,-0.08091528035945393,0.1477134259232412
27,5.256835523234606,0.5854636838018363,16.75675432521901,1.1099261874752229,2.390040285553955,-0.03360637658070163,0.6175511646424734,5.654846877231755,4.465404175246269,4.0714712192924685,2.927261663397166,-0.5350446802417484,1.2547500647972472,2.416243587897924,14.738158695605641,2.390040285553955,-0.03360637657985549
28,-0.9461976571589974,0.5804028152313593,14.66943115925592,-0.162345906416362,-1.083592863645533,-0.1786093773728096,-0.1834632101280456,1.246734278284616,-1.7016636183211782,-1.8600118589105108,2.735343735791379,-0.5439046564289258,-2.6006199166924047,0.3401304911832296,-8.85020989497148,-1.083592863645533,-0.1786093773729084
29,-1.854733651458905,0.5728226703659474,11.543048452692421,-0.2957475692173474,-1.618177173296081,0.7448423391553869,-0.26937047261554103,0.2604503861767531,-2.7994349148308197,-2.728774884902623,2.4478899769627147,-0.5571750866066003,-3.004867379725694,-0.1243850717751547,-13.04906660240618,-1.618177173296081,0.744842339154995
30,1.734324295301702,0.5744853185651413,12.228797164537971,0.4501828973636263,0.3941574845140661,-0.1039288767080065,0.2027064026783248,2.7479352260197967,0.9688591609173756,0.7031649191900651,2.510940813451185,-0.554264316795575,-0.7444720264500162,1.047159379042837,1.364251459242343,0.3941574845140661,-0.1039288767078477
31,3.17217179091591,0.5791077692402438,14.13529764825901,0.7183891268963065,1.2037136525615242,0.7685924186695684,0.3692106985609804,3.9415359503431247,2.216123569520584,2.078067783844909,2.686233086244195,-0.5461718713314263,0.06827412364901497,1.609316093598559,6.134903183020723,1.2037136525615242,0.7685924186699855
32,-0.06308075711581984,0.5768989876852815,13.22429969523566,0.051488421276993816,-0.5937452135933402,-1.287565486736864,-0.04569007840473269,1.663897986571596,-0.5786908557077529,-1.015555155819202,2.602471816284503,-0.5500387474826475,-1.9526371055004181,0.5366043830832523,-4.554960300126174,-0.5937452135933402,-1.287565486736873
33,0.7039154658332314,0.5766715954235595,13.130513198107119,0.2154078210355982,-0.1654906092068409,-1.450855913458542,0.05802901162373567,2.166459114581913,0.2233348804609268,-0.2821357164636931,2.593848661777419,-0.5504368392323044,-1.4559116516864652,0.7732983686250768,-1.4872984359889452,-0.1654906092068409,-1.4508559134584451
34,4.213674427320563,0.5839324655449514,16.12521306007205,0.9012340777703782,1.801032193928054,0.3832096816615198,0.4850915872038934,4.879659414046161,3.3349382086180084,3.0739765729940896,2.869194904602479,-0.537725357897065,0.6223497323583234,2.051149274038282,10.41424840427655,1.801032193928054,0.3832096816621814
35,1.4962299766115192,0.5855823074474511,16.8056798960127,0.3139372201155241,0.3040756029537324,-1.7649521997569209,0.1203363472272451,3.141149769731595,1.073682082868487,0.4754936523667794,2.931760101543577,-0.5348370078509828,-1.1573377150806292,1.232353800849064,1.7651878203284281,0.3040756029537324,-1.76495219975654
36,5.175938321778455,0.5952753268413032,20.80350431037205,1.0168657979271971,2.37489286754235,-0.3149053285732583,0.5589896854596994,6.089360792858781,4.43464863205441,3.994115453563567,3.2993381503320376,-0.5178676043157151,0.9727488843486825,2.6208890026165763,14.62052206288211,2.37489286754235,-0.314905328572233
37,3.569175333773908,0.6006905645606565,23.03698478578731,0.6352403372272284,1.4919836949935716,0.0161504594554783,0.317327919229818,5.2825609815756565,2.751912420722527,2.457691707813574,3.5046944416717682,-0.5083872401107913,-0.1836919056512218,2.2409060468654207,8.18423770177788,1.4919836949935716,0.01615045945637271
38,1.695737939369002,0.6016816484416337,23.44575105097831,0.2314840062695068,0.4525398709412587,-0.3986849318390797,0.06389042703964819,4.0767235225858345,0.9658978914717034,0.6662677576550042,3.542278259917957,-0.5066521664840667,-1.407195938856439,1.672986129911422,1.352924923274408,0.4525398709412587,-0.39868493183841297
39,2.257011159709964,0.6036402878853243,24.25357947561548,0.3349860540511095,0.7666990596012881,0.2917290732732214,0.1272400893693459,4.550335832155866,1.3780643988422179,1.202970127589718,3.6165536570608237,-0.5032232098556341,-1.0935533698212792,1.896045930810901,2.9294173216046806,0.7666990596012881,0.2917290732739815
40,1.0775547976292699,0.6031385049137418,24.046622269301118,0.08950888165321083,0.1127579091487045,-0.5305457177994526,-0.02533397811694077,3.7351064080168266,0.3743614086648225,0.07514681120426996,3.597525075963937,-0.504101672735561,-1.8374235892088508,1.51209283381277,-0.9096382685517536,0.1127579091487045,-0.5305457177988402
41,-2.836584156034779,0.5925727551982941,19.68884576518953,-0.6562269691734104,-2.109682645370324,0.8128555808151904,-0.4979652026418093,0.5863564377567942,-3.8155311798856766,-3.667642932815808,3.1968514048832057,-0.5225989503421432,-4.097229197774371,0.029108698358009888,-16.93552513114532,-2.109682645370324,0.8128555808150274
42,0.06878644387348687,0.5899489813881142,18.60668688673458,-0.021658881145303233,-0.4876436167149036,-0.546772099335616,-0.09449503067579773,2.402265341495339,-0.6177590896606198,-0.8894607035582789,3.0973528257077794,-0.5271923463481851,-2.1742955976891967,0.8843573275316102,-4.704392077676007,-0.4876436167149036,-0.5467720993353868
43,0.7621436476741414,0.5891734220577968,18.286812356462377,0.1309353365706897,-0.10161747364027,-0.7738642830571419,0.0022841573781133967,2.8281842869646345,0.1247738755224609,-0.2264565889756199,3.0679421154043816,-0.5285501048243569,-1.711888877337703,1.084954721763081,-1.8642836404602179,-0.10161747364027,-0.773864283056825
44,1.424245362349944,0.589520843405276,18.43010408926373,0.2682279131361976,0.2624594231159896,0.1761300513330246,0.08637419979218394,3.2890973904574703,0.5840556883794316,0.4066603076197166,3.0811170050672327,-0.5279418802038758,-1.295850766533134,1.3020335075539542,-0.1075802846257363,0.2624594231159896,0.1761300513334114
45,1.8778632542148883,0.5906024395866629,18.876201579089198,0.3557590214585364,0.5141569024162348,0.8508280688395529,0.1397561392693308,3.646895364206372,0.8927934620843287,0.8404201749812993,3.122133224861806,-0.5260483482384076,-1.030604983738167,1.4705475921205537,1.073308372311265,0.5141569024162348,0.8508280688400023
46,0.03506289950981945,0.587124141468918,17.441599565978528,-0.006920189101400409,-0.5251578576318513,1.067144732406799,-0.0891044869182446,2.238966125094384,-0.9926322078125996,-0.9217079327625934,2.990229430669854,-0.5321377453578866,-2.1296328945258547,0.8074473951641277,-6.138241287975137,-0.5251578576318513,1.067144732406923
47,0.8867003173742917,0.5862979726867367,17.10085148804926,0.1795295693002611,-0.045823817240109165,0.054193159277275534,0.030997628602683538,2.768411972143359,0.07572194805424559,-0.1073526349714791,2.9588995120361634,-0.5335841049372317,-1.564633626642032,1.05680342507183,-2.0519019679910717,-0.045823817240109165,0.05419315927753196
48,2.554698611188901,0.5894142265820339,18.38613065625809,0.508054741940754,0.8924877567466319,0.2122574962800478,0.2374136786391207,4.041190514717314,1.7069157045502341,1.4876257194091767,3.0770738888551534,-0.5281285324557415,-0.5691028004587203,1.656250953269355,4.187238067247245,0.8924877567466319,0.2122574962805873
49,1.1943382254601091,0.5891280424463526,18.268095823339557,0.2226616138897442,0.1321168381438106,0.3242626459269475,0.05731208108221277,3.115494309044154,0.3229698232507352,0.1868178124464736,3.066221232741135,-0.5286295501352118,-1.433930461219356,1.2202707070668932,-1.10620553516524,0.1321168381438106,0.3242626459272909
50,0.7895194374210479,0.5872965143254945,17.51269365816936,0.1512532694432474,-0.1064182484838477,1.4618458113759267,0.00955798604395483,2.753037846547238,-0.3224707618216322,-0.2002792288174536,2.9967661428861363,-0.5318359751413091,-1.650319383784498,1.049562588368098,-3.574946099341469,-0.1064182484838477,1.461845811376146
51,-0.8119260074167798,0.582065044938236,15.35500726659764,-0.1468262566202505,-1.009645292394608,0.6911831356288726,-0.1759888164891601,1.41949145414752,-1.7544332486936929,-1.7316182174182009,2.7983787022415094,-0.5409946192652542,-2.553590674886006,0.4214948908689553,-9.052048034794387,-1.009645292394608,0.6911831356287974
52,1.831209687376238,0.5839240992883825,16.121762450575787,0.3975959862393131,0.4779076117195863,-0.5067762581822526,0.1699799620494641,3.2829913175163536,1.1421647143992641,0.7958089607263231,2.8688776399669416,-0.5377400045595784,-0.9038263025842987,1.2991576967124672,2.02712649340181,0.4779076117195863,-0.5067762581818933
53,-0.03527441667127995,0.581201892738344,14.999005612435601,0.0240562379736296,-0.5717332087889517,-0.3996090538840034,-0.0654971215032453,1.896854663918678,-0.7444377505553811,-0.9889660931756464,2.7656463008553143,-0.5425057250824581,-2.03576493369243,0.6463212739183306,-5.188924280948224,-0.5717332087889517,-0.3996090538839552
54,5.996908761377549,0.5927989537553583,19.78213992639772,1.209607005372657,2.8234181916591203,0.0375336081758378,0.6797118882594638,6.516063575710157,5.182980064409012,4.779146280994656,3.2054292918001717,-0.522202948390847,1.556813149334925,2.8218555650619046,17.48280901109867,2.8234181916591203,0.03753360817691994
55,-2.025588989420408,0.5850844065758085,16.600323837213768,-0.4267944346966577,-1.6706163647550618,-0.4287593848989301,-0.3497713378027423,0.7567307671967645,-2.7324220213216783,-2.8921506909748067,2.912878737187235,-0.535708674404835,-3.401979093299362,0.1093508357250975,-12.79274951861094,-1.6706163647550618,-0.4287593848990834
56,4.009839162105669,0.5912518423034904,19.144043613711577,0.8014759401155633,1.703379546739277,1.134493494346863,0.41986048125215003,5.107665779929153,2.9636622989872587,2.8790646015113834,3.146759832302695,-0.5249114499912287,0.3200523455255504,2.158534689387487,8.994158128261303,1.703379546739277,1.1344934943476108
57,3.098932847984112,0.5956233444868264,20.947041982522272,0.5750492287969444,1.214884043129815,0.05713042868650611,0.2796218185964087,4.715101781506569,2.278003086054299,2.00803502115737,3.3125356527703924,-0.5172583357664308,-0.3660892039248099,1.9736466584831782,6.371585654020383,1.214884043129815,0.05713042868724048
58,0.9277279772930924,0.5951767955539691,20.76286570540523,0.1194680905935782,0.00898972427913698,-0.9310009728089608,-0.004931074373834554,3.2381520477469037,0.3178454054274152,-0.06812104238290115,3.295601653284911,-0.5180401013579352,-1.746638107571374,1.278039498588918,-1.1258058801711242,0.00898972427913698,-0.9310009728085048
59,-0.8343104357817429,0.588995805869961,18.213555685526053,-0.205213416401762,-1.011121888927864,2.0396379087658114,-0.2166346646657487,1.7497130412164967,-2.0711448706155817,-1.753022722956184,3.061206565922318,-0.528861054451435,-2.730521462102708,0.5770211725468698,-10.26343580040406,-1.011121888927864,2.0396379087658234
60,-2.265214096281869,0.580616356007774,14.757504699060581,-0.4428666900739989,-1.819526358120333,-0.05792037539602717,-0.3605486701956629,0.3736296670477093,-3.0466160690921495,-3.1212857326756716,2.743441615176729,-0.543530814238069,-3.450682897473123,-0.07108040180164599,-13.99450783485739,-1.819526358120333,-0.057920375396307434
61,0.4850726480511506,0.5799150797551634,14.46826775338042,0.1440303752805497,-0.2763553370469462,-1.7412237148023293,0.01357644570897974,2.181391422824225,0.06313472530596584,-0.4913982550816638,2.7168478628976698,-0.5447585265985533,-1.6722069418532792,0.7803311201735398,-2.100046736243468,-0.2763553370469462,-1.741223714802193
62,1.469330569171941,0.5794549090691558,14.27847327051156,0.3556854993851136,0.2438666363719633,2.4412503979754048,0.1364080084040696,2.817923264078619,0.1564412818388684,0.449771819933921,2.699397300178314,-0.5455641395606937,-1.030827777900055,1.0801220312359758,-1.7431592297186769,0.2438666363719633,2.441250397975545
63,3.3128631209370636,0.5850130001719334,16.570872718511318,0.7024187529514679,1.30847999806939,-0.6556732675454102,0.3623664732759662,4.329936949257583,2.6544636961444397,2.212600071356774,2.9101708682001917,-0.5358336843767668,0.01987905108889798,1.7922434536700718,7.811506849617122,1.30847999806939,-0.6556732675448221
64,4.694878305568363,0.5935196017070931,20.079366606603372,0.9287516334496808,2.100915111507783,-0.2225185360566795,0.503345158460044,5.67959843185354,3.9356539256081406,3.534114795374412,3.2327576563890332,-0.5209413223274958,0.705736264719846,2.427900964056286,12.711921175977869,2.100915111507783,-0.2225185360557558
65,-0.4910374155496799,0.5900529088059165,18.64955109151214,-0.1408219061084159,-0.7928720866997986,-1.573387405321742,-0.1669963745328327,2.032359949653629,-0.9588841531924012,-1.424777161229088,3.1012939544623133,-0.5270104023924985,-2.5353956733349916,0.7101409455064819,-6.009158622072469,-0.7928720866997986,-1.5733874053215582
66,1.7258012915528909,0.5915717865171481,19.27600257681911,0.3161057246671248,0.44260156963632596,-0.7451074569763934,0.1187399499697581,3.5932967334027897,1.079904206908784,0.6950150268645947,3.1588927358902037,-0.5243513291197307,-1.150766489166688,1.445303949432328,1.7889867731195561,0.44260156963632596,-0.7451074569758998
67,1.56273376614516,0.5916926880455284,19.325867645922237,0.280693878760785,0.3395618293311876,1.146110372636148,0.0916383570344764,3.4900635607837738,0.5136401497185064,0.5390861063781464,3.163477555758179,-0.524139668878504,-1.258075113125293,1.3966836529042992,-0.3769121188193589,0.3395618293311876,1.1461103726365658
68,0.0625200474326314,0.5886175351090565,18.0575403076819,-0.01267631051996398,-0.5008596593503372,0.3516847737933304,-0.0910196513331574,2.331747910142526,-0.8141823309769649,-0.8954527760443215,3.0468618068171,-0.5295232866132167,-2.14707568670332,0.851145344059767,-5.455689772304659,-0.5008596593503372,0.3516847737935074
69,3.1876300239699704,0.5931932516508818,19.94476559433503,0.6126142783230617,1.256396238529239,0.2088044182814254,0.3030660728653692,4.653486683314627,2.3368040474601184,2.092849302033283,3.2203818308583183,-0.5215126577981666,-0.2522557205123332,1.94462745594688,6.596492983978307,1.256396238529239,0.2088044182821225
70,-0.3482238251591303,0.5889468906883764,18.19338092890729,-0.1020658658690193,-0.7309129284983815,0.6382466433955146,-0.1480927729206352,2.072954619592446,-1.28633054711998,-1.288215519512188,3.059351607598969,-0.5289466894245619,-2.4179531271550028,0.7292600410434056,-7.261605731811633,-0.7309129284983815,0.6382466433956326
71,1.387735242155303,0.5896498607786342,18.48331648718953,0.2595101198041606,0.2480822357696466,-0.6789419849902609,0.08303341822258092,3.271061927171306,0.7296582231124062,0.3717484904780379,3.086009593478736,-0.5277160116914321,-1.3222683220847609,1.293539245963934,0.4493336932919529,0.2480822357696466,-0.6789419849898516
72,5.071328799363185,0.5981113839848664,21.97321810422316,0.9727937649052,2.313440084676165,1.394481367055521,0.5267157457913757,6.160535581149232,3.962881127808353,3.894085420839205,3.4068869242202586,-0.5129025675028592,0.8391972691305101,2.654410585109954,12.81606228528409,2.313440084676165,1.3944813670565344
73,2.2527107697800486,0.6002250903881841,22.84500291353971,0.36051568105951703,0.7554331894869978,0.1511129479440277,0.1439024498619788,4.3773445927098455,1.407148749024604,1.1988579957733678,3.487042760484856,-0.5092021377961234,-1.016190863735196,1.8145712929088258,3.0406618214681536,0.7554331894869978,0.15111294794472802
74,4.054691546725487,0.6071787283889952,25.71298683461712,0.6876603665873249,1.78787440524975,-0.9680471573489486,0.3524294056724328,5.931030367387615,3.440702702667081,2.9219534838779015,3.750738166886353,-0.4970285224881033,-0.02484333183274812,2.5463192491108217,10.81878617699694,1.78787440524975,-0.968047157347838
75,0.8677296970051319,0.606493325843579,25.43029689886116,0.01917605535986988,0.01063438131413765,-1.337127649774477,-0.06783088308791628,3.7616262298146386,0.333088453878075,-0.1254927787415215,3.7247463762954283,-0.4982284450204615,-2.050553365855339,1.5245830205131108,-1.067502865296984,0.01063438131413765,-1.3371276497738078
76,0.2421322821302343,0.6036714950581514,24.266450676256053,-0.09124305910828,-0.3548147101309323,-0.05896667895202672,-0.1404586607690188,3.20192140423514,-0.56210183084205,-0.7237034237896149,3.6177370934318733,-0.5031685759910579,-2.38515674303155,1.2609757526412442,-4.49150907075934,-0.3548147101309323,-0.05896667895153355
77,0.6130715409308837,0.601868224577749,23.52270319579411,0.001141310165676646,-0.1523692559432459,-0.166085184843449,-0.08185701471641899,3.3606303378419953,-0.1665291132048942,-0.36900276805693105,3.549353587973857,-0.5063255308285354,-2.1052041088680458,1.335723774210728,-2.97848612690033,-0.1523692559432459,-0.166085184842935
78,0.01306159811270868,0.5992242215722025,22.43220091392333,-0.1052447350166139,-0.4875501046468138,-1.2446937387240478,-0.1459988367500607,2.826926667710815,-0.5340109984970638,-0.9427460834769712,3.4490878785720938,-0.5109543417414731,-2.427586063965895,1.084362413888696,-4.384064669376113,-0.4875501046468138,-1.244693738723634
79,-1.443643554794839,0.5932832739266988,19.981894711431963,-0.3672306970592873,-1.315486518444582,-1.496069202071241,-0.3100683993550726,1.5550173685013593,-1.9311995015148529,-2.3356810740091247,3.223795649726076,-0.5213550573371101,-3.221482918640663,0.4853242780314891,-9.728159870352574,-1.315486518444582,-1.4960692020711308
80,0.3375996468138902,0.5906632684706781,18.901290066765988,0.02964418269941943,-0.3436506126201851,0.6707347159016016,-0.06528988775563238,2.6179486159868017,-0.6091476422512481,-0.6324153326777429,3.124439973831112,-0.5259418561498738,-2.018831767856704,0.9859388685795832,-4.671454220919754,-0.3436506126201851,0.6707347159018451
81,-1.5310004135796762,0.5837672845934356,16.057085223541,-0.3120315427829208,-1.403956358802134,0.4002892593127159,-0.2794653078989977,1.0224996562577628,-2.413211625090106,-2.4192137127325486,2.8629309233404916,-0.5380145373682613,-3.054212754166826,0.2345214748350515,-11.571804211003279,-1.403956358802134,0.4002892593125817
82,0.6338746131401956,0.5827592115603124,15.64131189022512,0.1534723189416893,-0.192668952152947,-0.6043891210914211,0.01647010849083612,2.422754104250128,-0.03320122332078074,-0.3491103916669117,2.8247028435755084,-0.5397793536135419,-1.6435949913649768,0.8940070330996703,-2.468521340511777,-0.192668952152947,-0.6043891210912455
83,3.225443036881609,0.5887567443403978,18.11495627283654,0.6549540494417061,1.279903803934875,-2.09450366127655,0.3358524151755045,4.457840283751403,2.8699580744494333,2.1290069751745735,3.052140890201814,-0.5292795753890378,-0.1239533837891689,1.852482792365622,8.635749584544964,1.279903803934875,-2.094503661275862
84,2.504287801112658,0.5912126505984583,19.12787924336925,0.4834743073972039,0.8634198559876339,1.141299049294445,0.219460998982508,4.096994240817082,1.4566996604279658,1.4394217427045468,3.145273607022518,-0.5249800622399927,-0.6435889657422056,1.682533141847949,3.2301887086868515,0.8634198559876339,1.1412990492949842
85,0.6566745206767081,0.5902686220033896,18.7385206326135,0.1001584457913427,-0.1557969232693418,-1.003949498890631,-0.0165985426020808,2.8120715575512083,0.06724765615907202,-0.3273085953836238,3.1094742162572477,-0.5266327569811908,-1.805152182729663,1.0773660207469091,-2.084315219711119,-0.1557969232693418,-1.0039494988903008
86,-0.02431307786670955,0.5875786445856882,17.6290564958366,-0.02299205708216195,-0.5451262985220252,-0.7361176931051461,-0.09470403700992844,2.2218228861995133,-0.6681330107317043,-0.9784846087561754,3.0074650681985085,-0.5313420545124311,-2.1783355247705867,0.7993733494153306,-4.897066888031875,-0.5451262985220252,-0.7361176931049681
87,-1.9298414183842867,0.5799462440249268,14.48112125892427,-0.3667742086836837,-1.635591386846343,0.1271607503412902,-0.3130245362730727,0.5649512813814397,-2.750019656163956,-2.800594660100287,2.7180296723015376,-0.5447039678436383,-3.220099620532774,0.01902739383354879,-12.8600585722612,-1.635591386846343,0.1271607503410382
88,2.391766154393037,0.58310865149452,15.785436176328721,0.5224221489087875,0.7870048491819369,-0.3172062939367132,0.2482110343075262,3.6179469367577837,1.663133545217951,1.331825954637746,2.837954281952519,-0.5391675950877447,-0.5255652035858918,1.456913591625725,4.019776033977807,0.7870048491819369,-0.3172062939362975
89,1.8858868909066548,0.5852035672224749,16.64947089068779,0.3992508638069165,0.5137713677833194,-0.7649648249542691,0.1715929031253009,3.3833549636152966,1.2505902303216798,0.8480925610348341,2.917397539452486,-0.5355000618954976,-0.8988115220764095,1.346426516512991,2.441842387536962,0.5137713677833194,-0.7649648249538709
90,-0.2119996783201012,0.5815747758306823,15.15279888052682,-0.01619385922206273,-0.6750136434997948,0.4787431794201145,-0.09310399010017342,1.7970219352620658,-1.1087392805863259,-1.1579548553628678,2.7797867491448187,-0.5418529250200357,-2.157734925194529,0.5993025032330578,-6.58233830786136,-0.6750136434997948,0.4787431794201192
91,-1.405589677165989,0.5757363991694048,12.744797430381661,-0.2233458317464407,-1.3503590302685473,-0.6142884853561743,-0.2205001645185763,0.7065088196899414,-2.0635328477716692,-2.299293080482189,2.558384210467796,-0.5520740713450853,-2.785468175268401,0.08569752818791332,-10.23432063472526,-1.3503590302685473,-0.6142884853564101
92,0.2029616344547802,0.5745248094383177,12.245084924885301,0.1261150934441769,-0.4486739859463585,-1.816922851798245,0.002825599252899505,1.723889271976575,-0.1974522459277904,-0.7611592985354704,2.512438383766205,-0.5541951807982494,-1.726495674690772,0.5648588095576973,-3.0967637714891962,-0.4486739859463585,-1.8169228517982459
93,-0.4546169952372254,0.5717241010915667,11.089950518237679,0.008770961714956838,-0.8240595355404101,-1.732277445217711,-0.07115100741665828,1.1438091348986752,-0.8702706595271819,-1.38995111717903,2.406230104643473,-0.5590983330761407,-2.082083952658106,0.291655268881552,-5.6702215744119595,-0.8240595355404101,-1.732277445217857
94,0.3375445434881837,0.5691300872432815,10.02006594744665,0.1963320834749312,-0.4123336238734721,1.7236995277443858,0.03847135910004994,1.5453503025537467,-0.8120881630616508,-0.6324680237458824,2.3078600808005754,-0.5636396288250733,-1.5137169170218199,0.4807713266786958,-5.447679806088864,-0.4123336238734721,1.723699527744199
95,2.509730586540982,0.5730461059832486,11.635203056906938,0.6252616925101089,0.826365682115777,-0.683703704154564,0.3145879826776893,3.195770687711547,1.8692721884353871,1.444626259386553,2.456363087858325,-0.5567839216867674,-0.2139302229758266,1.2580789157655572,4.80823409212436,0.826365682115777,-0.6837037041543079
96,-1.1857915698485701,0.5675651262838398,9.374607718492372,-0.1136178447051684,-1.256234278188312,0.1547716615254762,-0.1527740525897404,0.4467648636510593,-1.9994734088556583,-2.0891170720263417,2.248513733441924,-0.5663793792535673,-2.4529591236281814,-0.03663551499560458,-9.989300195930577,-1.256234278188312,0.1547716615250964
97,3.275066056843344,0.5730300117733645,11.62856510204586,0.7871942063647728,1.2490092926158172,-0.04184580760560518,0.4150066954271979,3.7077438049752685,2.4978244524463786,2.176457648842208,2.4557527642815766,-0.5568120975451872,0.2767743644625487,1.499205717783031,7.212378651293597,1.2490092926158172,-0.041845807605262714
98,-0.6801080205063543,0.5694280088521825,10.14294182680217,-0.02112731189745776,-0.9602704332076024,-1.146583623600791,-0.09132341090988033,0.8783624719854943,-1.2182946326541009,-1.6055708247920735,2.319157844607921,-0.5631180625516661,-2.172684781786635,0.1666363903971654,-7.001375703289477,-0.9602704332076024,-1.146583623601028
99,3.498804651396048,0.5752679466025006,12.55158713822783,0.8171722062317381,1.3787763049920772,0.1790164835459565,0.4331947573564854,3.9691195358886624,2.672252688353635,2.3904016418753185,2.540619582801642,-0.5528941832546903,0.3676167883018377,1.6223072869766768,7.879547824539287,1.3787763049920772,0.1790164835463648
100,1.305783187096858,0.5760667310352002,12.88104071477618,0.3473378109745395,0.1625825354042154,-0.5503423536991718,0.138926226932922,2.53958237137262,0.6338808329295202,0.293384049459155,2.570911033921671,-0.5514957649883688,-1.056123803386643,0.9490302862482902,0.0829955147763981,0.1625825354042154,-0.5503423536990295
101,-0.8618873219464094,0.5714263686947527,10.96715267820823,-0.07502959936883652,-1.062656235939769,-0.1242149206032275,-0.1280016189579623,0.856108053293837,-1.619969937909386,-1.7793923761368668,2.394939516124543,-0.5596195680991782,-2.336025046851419,0.156155104116829,-8.537740386028489,-1.062656235939769,-0.1242149206034828
102,2.4854849900140334,0.5752240727002362,12.533491625312948,0.6032748938128321,0.8190851351151883,-0.683661660624132,0.3005929831439945,3.288010016655187,1.8428396644461418,1.421442062020803,2.538955799543632,-0.5529709925461957,-0.2805568856948473,1.301521381118598,4.70713254119153,0.8190851351151883,-0.6836616606238388
103,2.7995225239532293,0.5794017768647692,14.25655922956578,0.6373272145620127,1.002713148515775,-0.1478798107478352,0.32042771355169103,3.706505374380943,2.0385082025385497,1.721731978955077,2.6973824241915176,-0.5456571572036302,-0.1773680349397544,1.498622447297412,5.455543577456979,1.002713148515775,-0.14787981074743697
104,2.2932415516202798,0.5829663770493279,15.72675598314872,0.5026934083579138,0.7396622702534185,-1.538191099441576,0.2388740340543175,3.544848804824942,1.8249799500928268,1.237614462108506,2.8325589597282215,-0.5394166725294708,-0.5853492658612666,1.422486161371924,4.638821061702392,0.7396622702534185,-1.53819109944114
105,0.7452316448965728,0.5815826517732284,15.15604726311202,0.1861238847236995,-0.142456620674825,0.6937955506310445,0.03384005449715699,2.4387592201880373,-0.1973499877432097,-0.2426282352293813,2.78008542012399,-0.5418391367419094,-1.544650852631613,0.9015450508039063,-3.096372644971694,-0.142456620674825,0.693795550631175
106,1.4535241015462848,0.5823283361156277,15.463600043965869,0.3300989890111017,0.2598321039350229,-0.07667506823966902,0.1264633231896138,2.950457482899535,0.6744073400222275,0.4346573118342251,2.808363213085499,-0.5405336798969421,-1.108362657821303,1.1425424030573932,0.2380050296691201,0.2598321039350229,-0.07667506823940423
107,-0.2429074280448489,0.579184061075559,14.1667637321949,-0.004220637910719305,-0.692896284880391,-0.4666312673561597,-0.0830161915682959,1.6572329474140692,-0.9357684726470709,-1.1875095569332441,2.6891262202434345,-0.546038308518096,-2.1214524363722758,0.5334653128407262,-5.920743639267508,-0.692896284880391,-0.4666312673561756
108,1.269344589533331,0.5791458526168866,14.151004895581801,0.3157968486151971,0.142769630949993,0.7151010441152872,0.1156548727832213,2.668538647154726,0.32465891200654806,0.2585406239033054,2.687677281567534,-0.5461051994142477,-1.1517024772028321,1.009765534508221,-1.099744953007238,0.142769630949993,0.7151010441154442
109,-0.2086455680769714,0.5760984110905992,12.8941069528364,0.026910656372989783,-0.6835139096280043,-0.3322823037187405,-0.06354011062131762,1.5264930796049432,-0.9270547838998076,-1.154747577959865,2.5721124029147484,-0.5514403032563489,-2.027115180967097,0.4718900364092433,-5.887414720430519,-0.6835139096280043,-0.3322823037188129
110,3.2409809254843154,0.5810554571832292,14.93860919584126,0.7178587516687223,1.250400728457306,0.3544465067057966,0.3697977544120037,4.084651831431478,2.3712520163134094,2.143864661831686,2.760093181292127,-0.5427620873082708,0.06666692598966882,1.676720169244531,6.728252746268531,1.250400728457306,0.3544465067062716
111,-1.5598656769426882,0.5751287103836059,12.494160042227891,-0.2512585689103278,-1.434711099387011,-1.138720995258588,-0.2367245756172854,0.5728751009818336,-2.105428754153833,-2.4468153418398635,2.535339475996694,-0.5531379417255179,-2.8700522272801803,0.02275931884206861,-10.39456795407686,-1.434711099387011,-1.1387209952588409
112,-0.5107799747338793,0.5713171174875458,10.922092710232999,4.760524803093524e-05,-0.8676101723869062,-0.04966938760834915,-0.08087400375680501,1.0859082055772702,-1.2846412436880579,-1.443655450658788,2.390796498975687,-0.5598108323220671,-2.1085183661942453,0.26438534893784804,-7.255144328540687,-0.8676101723869062,-0.04966938760856025
113,2.59651979784798,0.5748975984486466,12.39883938944799,0.6292773806391462,0.8738334414829483,0.2677413378416225,0.314594763284997,3.346141751900513,1.75142823720745,1.527616100528331,2.526575264283887,-0.5535425454435945,-0.201761471069653,1.328900005000937,4.357493699642545,0.8738334414829483,0.2677413378418969
114,-0.7233305591181864,0.5705068680795112,10.58791047727317,-0.0386174704325703,-0.9894619224396114,0.09754024956976108,-0.1055582003005312,0.9031410304421748,-1.5277563977655881,-1.646901210897922,2.360070273809335,-0.5612293221249316,-2.225685262196067,0.1783064847005441,-8.185033549203592,-0.9894619224396114,0.09754024956950133
115,-0.3343936189687069,0.5672306772925806,9.236666351794804,0.06897462682728117,-0.7810493838658592,-0.03250210296640537,-0.037220855574540516,1.000542685310404,-1.1078273145020143,-1.274990758076791,2.23583078062494,-0.5669648933915293,-1.89964860383288,0.224180279158951,-6.578850136033366,-0.7810493838658592,-0.03250210296666845
116,0.1945866401806708,0.5645684707630936,8.138656141849276,0.2014216384360849,-0.5031348228577014,1.4164249122002157,0.04274862706154342,1.222355738348752,-0.8849949502765782,-0.7691676607950728,2.134874758376458,-0.5716255729029869,-1.4982940232001418,0.328648795808271,-5.7265403970773825,-0.5031348228577014,1.4164249121999333
117,2.650038456851285,0.5678056010647025,9.4737900177231,0.6954951829401141,0.8750211845780589,1.535962937820961,0.3535725246733953,3.028748959317261,1.541742573036771,1.5787918738983,2.257633002385961,-0.5659583841610473,-0.001101464097022831,1.179415771398935,3.555468669242031,0.8750211845780589,1.5359629378210737
118,1.125808082349356,0.5676289605172413,9.40093574347564,0.3746084791689901,0.02850404971959328,0.8950695399824264,0.1530007578346921,1.9987161949268681,0.1542825757831731,0.1212877125119656,2.250934451074505,-0.5662676257511816,-0.9734854149186108,0.6942955608337835,-1.751416047354696,0.02850404971959328,0.8950695399823446
119,-0.8459488419509931,0.5634343720581112,7.6709043189294,-0.009789670528073335,-1.074280047457881,-0.4891567315521445,-0.08545480473094755,0.4687078439346419,-1.5182593408984242,-1.764151634771191,2.0918675413089507,-0.5736110201399828,-2.1383282927884997,-0.02630090857956624,-8.148708331870646,-1.074280047457881,-0.4891567315525351
120,4.123884515892124,0.5707163030931115,10.67429062122749,0.9845637976417508,1.71164220125828,0.5986134648551508,0.5379070643073505,4.161207026840565,3.2124554087020916,2.988117393340736,2.368012454725223,-0.5608626678229242,0.8748640349988459,1.7127757917457158,9.945764916315524,1.71164220125828,0.5986134648555484
121,4.098696701822528,0.5783119389630172,13.807062494412028,0.9204368009501968,1.726626448075635,-0.5060103394507078,0.4998009386572397,4.5226675696975365,3.415100648756465,2.964032225877349,2.656053662415201,-0.547565117808206,0.6805398026001976,1.8830148566802642,10.72086108446766,1.726626448075635,-0.5060103394501402
122,3.60167725442987,0.5839321514024317,16.12508349398087,0.771847511602753,1.457992700409614,0.6364709055580361,0.4029202188060096,4.469605660863465,2.6689637351066757,2.488770792315214,2.869182991710353,-0.5377259078610098,0.2302692288200645,1.8580239968974608,7.866967933404091,1.457992700409614,0.6364709055586059
123,2.304275015429362,0.5883023707374613,17.927552760138262,0.4637174120265173,0.77265161844214,-3.2940242178436603,0.2184076732395575,3.8180254944768484,2.204898480179815,1.248164914117113,3.0349101640883016,-0.5300750394968363,-0.7034583456533767,1.5511456931722118,6.091968428013098,0.77265161844214,-3.294024217843072
124,1.641797656959254,0.5883510957519618,17.94764908354846,0.32327864156799496,0.3696188169559237,1.8256641621813983,0.1169703353508401,3.376592642877022,0.4512121991911001,0.6146888182809271,3.036757910907899,-0.5299897374459764,-1.1290303773458692,1.3432416290279778,-0.615692290642788,0.3696188169559237,1.825664162181745
125,1.0898960470852959,0.5889764095762444,18.205555807116877,0.2017542225634009,0.08799943633006914,-1.8940057542114117,0.049753299519524265,3.0379652610780914,0.691459260812467,0.08694779794470457,3.0604710209379955,-0.5288950112116346,-1.497286192511305,1.183756423857202,0.30322678597882596,0.08799943633006914,-1.8940057542110211
126,-0.9242318987125179,0.5839570949717104,16.13537131103681,-0.1852174131214951,-1.060111698535456,-0.3367049537493424,-0.1977046385736433,1.43848896007434,-1.6495571981373882,-1.839007695183481,2.8701289001164683,-0.5376822395802089,-2.669927512768566,0.4304422509860736,-8.650908462528541,-1.060111698535456,-0.3367049537493675
127,-0.0789713918276882,0.5812959661720813,15.037805603940448,0.01408951244207762,-0.5936947048374186,-0.725777085246521,-0.0709592958960128,1.872263460501049,-0.7187125420799271,-1.030750146423681,2.7692137474693106,-0.5423410323284077,-2.065967132272891,0.6347394192507548,-5.0905281355026695,-0.5936947048374186,-0.7257770852464674
128,1.7318484867994384,0.582109547395745,15.37336202313941,0.3906363405421237,0.4066507699409827,1.111105171429062,0.1616225201633504,3.1260370195305627,0.6997986764796421,0.7007974941241367,2.800066321530486,-0.5409167095728149,-0.9249161380303272,1.2252360655563592,0.3351241506863361,0.4066507699409827,1.1111051714293259
129,-1.763582611327401,0.5754677619116623,12.63399969605643,-0.2969533623418518,-1.5499267789121352,-0.7500896950122292,-0.2665225552900425,0.4532728113719919,-2.39231380598913,-2.6416141626595877,2.5481969659136907,-0.5525443700049777,-3.0085212982847986,-0.0335704309731617,-11.49187230881028,-1.5499267789121352,-0.7500896950125153
130,2.9361742276708864,0.5804942290652444,14.707134215658359,0.6577610014300148,1.0888462880910779,-1.179171821984679,0.3358397717736092,3.8524767371741384,2.393866924480086,1.8524014828311568,2.7388103252333744,-0.5437446197909214,-0.1154474686730814,1.5673713849068167,6.814752328782292,1.0888462880910779,-1.179171821984212
131,0.9178368023247933,0.5803277198560088,14.638458547649309,0.2323313042651378,-0.040285611494315116,-0.7503308722075097,0.06668744957764455,2.491896887681672,0.2842970518610909,-0.07757921151432735,2.732495973868832,-0.5440361246202265,-1.404628369172709,0.9265715910603318,-1.254124711099961,-0.040285611494315116,-0.750330872207336
132,-0.5582888836151129,0.5765878791424298,13.09598494855134,-0.050800477602871486,-0.8748639119868741,-0.6791538529374188,-0.1116637157790607,1.316612317225667,-1.203258765566354,-1.489084562658966,2.5906739784285935,-0.5505833998961429,-2.262603465742434,0.3730413364853451,-6.943865134763758,-0.8748639119868741,-0.6791538529375201
133,1.004989123952836,0.5760551073288922,12.87624659078083,0.2838336421171094,-0.012628914070766509,0.5749535490266595,0.09606676603507064,2.337471375689674,0.09326385507363087,0.005757844072732339,2.5704702404897404,-0.5515161144125164,-1.248560678712189,0.8538409561872493,-1.9848060672476917,-0.012628914070766509,0.5749535490267269
134,1.4812247356623798,0.5761655000508685,12.921777369287698,0.3836652002088285,0.2467374561166315,1.578842771380948,0.1564302631664569,2.662047864397257,0.3554299654535769,0.4611452956538901,2.5746565460871706,-0.5513228517592135,-0.9460408057069792,1.006708534763266,-0.9820489952319796,0.2467374561166315,1.5788427713810533
135,0.8001822464264681,0.5754489502846469,12.62624095972261,0.2452257628795587,-0.1247985167233421,-0.004937607172532972,0.07324299923745431,2.170058264483475,0.01265545145952918,-0.1900832054620303,2.547483592621856,-0.552577303199167,-1.365554252159312,0.7749934800996471,-2.293124509592483,-0.1247985167233421,-0.00493760717248798
136,1.8061134631021343,0.5778373939130829,13.611339396246759,0.4394104704394606,0.4518093367178386,-1.3210723379020202,0.1987784937420562,2.962999851039049,1.2967062801000802,0.7718113735331511,2.638057996005237,-0.5483958957238168,-0.7771157444020338,1.148449551337699,2.618231299825059,0.4518093367178386,-1.3210723379017528
137,1.066646362346734,0.5785190622543898,13.89248918318526,0.27779451539125105,0.0429536876982914,-1.574896236918307,0.09753578041630907,2.5015105921908156,0.6106550488275516,0.06471591435004287,2.6639081783516545,-0.5472025105988279,-1.2668610627299408,0.9310994104822192,-0.005840602247294102,0.0429536876982914,-1.5748962369181219
138,-0.503537344537931,0.5745905490300911,12.27219880285274,-0.02376248669394121,-0.8547705726731422,0.03935934233015267,-0.09631332444388932,1.253809425692863,-1.299646755862268,-1.436729880989946,2.514931356274593,-0.5540800916174982,-2.180670159957796,0.343462712369902,-7.312538792798865,-0.8547705726731422,0.039359342330000664
139,1.401647664644803,0.5756230750849018,12.69805762997975,0.3710401372454434,0.2146045648765029,-0.5230022861785322,0.1538214173992777,2.581713199539034,0.7243619724268984,0.3850518690306646,2.554086741931963,-0.5522724658847077,-0.984298572262692,0.9688728746959216,0.4290761061371362,0.2146045648765029,-0.5230022861783857
140,-0.891544886451515,0.5709538074677529,10.77224779523876,-0.07764148645334829,-1.080160543013432,-0.1841155710162827,-0.1294656707741112,0.812699349993306,-1.6363883037120899,-1.8077516218295662,2.377019080118416,-0.5604468729698533,-2.343939856198424,0.1357106677711786,-8.600538862901576,-1.080160543013432,-0.1841155710165491
141,5.644237333601779,0.5828109021404976,15.66263134240613,1.212367592056848,2.608827811683507,-1.6009432195660638,0.6862350598717184,5.782271819483472,5.189505578759481,4.441913745687642,2.826663050383439,-0.5396888597974776,1.565178563529444,2.4762576155613942,17.50776839907598,2.608827811683507,-1.6009432195651683
142,2.099445001808156,0.5845168170279114,16.36622512558241,0.4497180038578662,0.6192430671061111,1.013083680200076,0.1989448784755287,3.4922320736524886,1.085879261678423,1.052301741316032,2.8913546433985537,-0.5367023437342059,-0.7458807946492891,1.3977049693670889,1.8118407126209408,0.6192430671061111,1.013083680200439
143,0.2380692886729525,0.5824257302909186,15.50376965427751,0.07237244965256627,-0.4158696293657775,-0.3817624150669569,-0.035175130127944015,2.140953933367377,-0.4761215404261335,-0.7275885516356001,2.812056588643943,-0.5403631735773589,-1.889352171028986,0.7612860527948898,-4.162643741279593,-0.4158696293657775,-0.3817624150668488
144,0.6873074699927824,0.5812764207628797,15.029744223794589,0.1762481965164483,-0.1710286275822381,-0.008757280313517865,0.02941220867733252,2.384696746863669,-0.1052327077582364,-0.2980166642880345,2.7684725477372987,-0.5423752501425405,-1.574577180532374,0.8760829496460738,-2.744033992863252,-0.1710286275822381,-0.008757280313380227
145,2.444393207707392,0.5841095070508043,16.19823270706697,0.5258004651201864,0.8138228941385777,0.5056727507965416,0.248195844668456,3.7030593819991635,1.539379369343207,1.3821491541293172,2.875908661031904,-0.5374154143559208,-0.5153278817331677,1.496999469264433,3.5464296702161815,0.8138228941385777,0.505672750796959
146,1.795457758191521,0.5849417312389082,16.541478298789652,0.3821592629152636,0.4494771340121836,1.229013696787955,0.1558005250651504,3.30972547172341,0.7354458966881674,0.7616221432766698,2.9074682123737503,-0.5359584536808288,-0.9506042520511157,1.3117488287294021,0.4714709199540945,0.4494771340121836,1.229013696788277
147,3.3155078667478324,0.5898589968006808,18.569573313972498,0.6654625282235243,1.3173778989074818,0.3290545937738255,0.3362784571306495,4.573086589109503,2.442387201389631,2.2151290381648665,3.0939404360564353,-0.5273498808288324,-0.09210950869274948,1.9067609802592531,7.000337150316602,1.3173778989074818,0.3290545937744747
148,0.5242799862413108,0.5879226813287322,17.77095226999032,0.09032861947433768,-0.2454981513295923,0.3848573784217735,-0.026151475214242582,2.606516607665145,-0.35879762217713795,-0.4539072960212837,3.020511607112878,-0.5307397552611396,-1.8349395352054367,0.9805546725851312,-3.7138924188059437,-0.2454981513295923,0.3848573784220004
149,-0.003755992914753925,0.5849453362721369,16.542965171895982,0.00173994917462611,-0.5463249470397337,0.04249490827117476,-0.0809176819856472,2.104431824122431,-0.8108884752680507,-0.9588274510425728,2.907604922208544,-0.535952142410715,-2.103390051265168,0.7440850336237399,-5.443091129781693,-0.5463249470397337,0.04249490827128365
150,-0.7937391469439301,0.5803127567994676,14.632287129815118,-0.1294158005821529,-0.9981798967040204,-0.2743654283468318,-0.1624649195601797,1.344395696247062,-1.5287065435823408,-1.714227522897766,2.731928545815313,-0.544062320187805,-2.500831717194802,0.3861266276984334,-8.188667754386765,-0.9981798967040204,-0.2743654283469084
151,1.019394835722937,0.5801060852058572,14.547046740921,0.2555185849736323,0.01202029812859732,-0.1859825272859521,0.07988667637748842,2.548901213624085,0.2657970454843898,0.0195329171875929,2.724091159131913,-0.5444241366176241,-1.334363882177271,0.9534192327668309,-1.324885238460601,0.01202029812859732,-0.1859825272857852
152,-2.060110837704334,0.5719542335816056,11.18486720516788,-0.3324455798175091,-1.7363421327273931,0.9145369615221908,-0.2928682260828582,0.07959109177433144,-3.0401107127357214,-2.9251612767591317,2.414957173909935,-0.5586954440555614,-3.1160734724534573,-0.2095653709038859,-13.969625549031289,-1.7363421327273931,0.9145369615217496
153,1.021745894095899,0.5717447022367241,11.098447329987211,0.3207454604350043,-0.0135613359288251,0.2586859858401546,0.1204029985501182,2.133998407704599,0.1817371986317019,0.02178105330899378,2.407011339925492,-0.5590622670030978,-1.136706683809477,0.7580101705212658,-1.646405078618165,-0.0135613359288251,0.2586859858401536
154,-1.279483029673363,0.5652693805527297,8.42774194219829,-0.1156536169917427,-1.3254048967449228,1.72651566144851,-0.1578812064696191,0.2696411690603402,-2.4258552326659317,-2.1787070020430668,2.161454613670521,-0.5703985021029743,-2.459128130557195,-0.1200564380832128,-11.62016464513444,-1.3254048967449228,1.726515661448029
155,0.671050225806344,0.5647035930696195,8.194386480766813,0.3011099504096111,-0.2253827241625653,-0.3476798448635046,0.1100155240251544,1.548316742879206,-0.03268249100858844,-0.31356221530892303,2.1399988576650735,-0.5713890165882943,-1.196208229340972,0.4821684474354971,-2.46653724541352,-0.2253827241625653,-0.3476798448636666
156,0.6313540150422766,0.5645545742521371,8.132924613981682,0.2938709736173662,-0.2415634384293004,-1.3200589937067828,0.1079209538305418,1.514297698401261,0.1350136774495201,-0.3515206455749536,2.134347775794987,-0.5716499012874225,-1.218144522650805,0.4661463104793658,-1.8251175034506801,-0.2415634384293004,-1.3200589937069251
157,-0.9564337100799474,0.5597145462077662,6.136685723317537,-0.004351375881797737,-1.152496004221859,0.4122186573913495,-0.08406645642889722,0.2093995558353094,-1.8171346981852432,-1.8697998082769782,1.9508045482059,-0.5801232557366083,-2.121848612042211,-0.1484287628313553,-9.291874310632119,-1.152496004221859,0.4122186573908481
158,1.3350910349430072,0.5609376360852184,6.6411413912939965,0.4706562922592297,0.1348724491492727,-0.4461731811233559,0.2173443646815591,1.8056428803913451,0.6561161793574481,0.3214088880344902,1.997186482707338,-0.5779820131735786,-0.682431435857279,0.6033627572958127,0.1680433146121989,0.1348724491492727,-0.4461731811234933
159,-0.6634309669470857,0.5573414328326335,5.157910152604742,0.07596703457160997,-0.9901275237469364,-0.4604211872147171,-0.03109672740491048,0.2875073177382368,-1.335772938921713,-1.5896238423877642,1.8608114976876784,-0.5842778247992789,-1.8784594894561262,-0.1116419195278354,-7.450717543268527,-0.9901275237469364,-0.4604211872151964
160,-2.783828801943499,0.548104157662803,1.3480545549231469,-0.300818851989692,-2.2077074582109657,0.8074951805980551,-0.2711334247823093,-1.5932651784419751,-3.71716476511285,-3.6171970491687406,1.5105161516160532,-0.6004493647038193,-3.020234903278253,-0.9974397124864692,-16.559284213052088,-2.2077074582109657,0.8074951805970747
161,1.729396052626228,0.5506150799797865,2.3836685502653387,0.6339328906131905,0.3257101797017148,-0.5202256315184658,0.3210826479377227,1.5556637727877909,1.076526566548768,0.6984524201295664,1.605735183832331,-0.5960535358798691,-0.1876538650877005,0.4856287186224927,1.7760676633504757,0.3257101797017148,-0.5202256315187381
162,-0.6361781244840041,0.5468331316652297,0.8238279380233298,0.1630790777755895,-1.011752645276587,0.5593449040967218,0.02189506529648329,-0.2176486539146194,-1.515354744124034,-1.563564047251791,1.46231638669619,-0.6026745282137896,-1.614483600959219,-0.34955801288775196,-8.137598562752691,-1.011752645276587,0.5593449040960212
163,-0.5543918127483893,0.5436516942758387,-0.4883357491895399,0.2049995749103797,-0.9713298011474591,-0.037696891939964464,0.05002436056183068,-0.3213182813503885,-1.303139358869722,-1.485358093812468,1.341670125668723,-0.6082442163253192,-1.4874517914598548,-0.3983838689474044,-7.325897622284456,-0.9713298011474591,-0.037696891940695115
164,-1.2068858250412928,0.5393750100615318,-2.2522270476332156,0.1001567341456573,-1.342583588172279,-0.7942130851438203,-0.01385393356018605,-0.9715096466051838,-1.7901202409940782,-2.109287884286126,1.179489986033758,-0.6157313343508453,-1.8051573695347711,-0.7046080813458577,-9.188546928020207,-1.342583588172279,-0.7942130851446978
165,3.392860861523182,0.5461204224881574,0.5298755551110439,1.020419611639366,1.240906985244001,-0.5499307234667107,0.5649868533712534,2.4463076331941394,2.75081708505946,2.2890957519023543,1.4352890758019141,-0.6039222559999013,0.9835180168098004,0.9051001684987502,8.180048161105445,1.240906985244001,-0.5499307234668361
166,1.83180198910944,0.5485563161591573,1.5345444609509917,0.6715216077760686,0.3721415415038608,0.2085859824103649,0.3430593773055821,1.5217293326598116,1.025659503360016,0.7963753332743186,1.5276628766023341,-0.5996577785452891,-0.07374866156382742,0.4696464282435664,1.5815066376280111,0.3721415415038608,0.20858598241004697
167,1.6032658104385042,0.5509625675884022,2.52698761205248,0.6045762380247395,0.2590460209366314,-0.9304686418927579,0.3035983131218656,1.4884647656298038,1.037484010731481,0.5778437799000039,1.6189125862456768,-0.5954451952571478,-0.2766134183860369,0.4539796316912192,1.626734101897344,0.2590460209366314,-0.9304686418930292
168,2.356235012795072,0.5543742097022981,3.9340977788432525,0.7373583753504107,0.6793521204317691,0.5129087573096905,0.3834020569831539,2.162887016812741,1.4794142602708709,1.297850259359555,1.7482886558103132,-0.5894724916653926,0.1257566947220576,0.771615998042462,3.3170696011007137,0.6793521204317691,0.5129087573095439
169,3.5681873032834237,0.5611588776183609,6.7323910594034855,0.9410667876797064,1.381964881586807,-0.5721961115728652,0.514071979468123,3.312837355571208,2.915850498266576,2.456746930320914,2.005576389686696,-0.5775946893994159,0.7430549139017408,1.313214449823884,8.811283151671127,1.381964881586807,-0.5721961115726869
170,2.09570778916614,0.5646036249728078,8.153155272837516,0.6030862513385491,0.5752440387874538,-1.296380983633691,0.3027061504555175,2.497857928966793,1.594271901879205,1.048728132582835,2.136207874022719,-0.5715640290283319,-0.2811285295563106,0.9293790955431012,3.7563876816523347,0.5752440387874538,-1.2963809836336309
171,2.7995385357916813,0.5692044888992945,10.050752438909392,0.7162731074100485,0.9753511893452363,-0.4315254407880041,0.3715476627882592,3.1985922018978816,2.109174951597008,1.721747289843487,2.310681535543691,-0.5635093751163707,0.06186194338762685,1.259407779859504,5.725836264303622,0.9753511893452363,-0.4315254407877867
172,0.2569454195215298,0.5673514612395195,9.286482925177676,0.1930610120711637,-0.4512320670612647,0.02536950497322838,0.04081662238296882,1.402756053805924,-0.5289432472108577,-0.7095387609196366,2.24041114157717,-0.5667534389981242,-1.5236292546089942,0.4136129270923837,-4.364681067757677,-0.4512320670612647,0.02536950497304736
173,0.2767745213372929,0.5656818460143795,8.597860707637869,0.2101786582602073,-0.4438358024962322,-0.1454094245018816,0.0521421509826632,1.332878511004479,-0.4710463831381571,-0.6905777174340206,2.17709610198551,-0.5696764058625048,-1.4717575994906797,0.3807023154598742,-4.143231812503845,-0.4438358024962322,-0.1454094245020858
174,2.1951997076369083,0.5686852197000694,9.836583148832029,0.5925231763353931,0.6352252389783433,-0.1979701353360953,0.2930113533099011,2.767820541657172,1.455577704175596,1.14386459464346,2.2909898428634707,-0.5644184508364375,-0.3131378477476926,1.056524875794649,3.22589734713396,0.6352252389783433,-0.1979701353359777
175,4.794951395181204,0.5771618516036838,13.332716252341658,1.076543024726047,2.100875731586731,1.1417889622995072,0.5940790667230925,4.931872702712925,3.761309638229467,3.6298069866556464,2.61244012464098,-0.5495785561093526,1.1535889655573202,2.075740454501663,12.04507309679197,2.100875731586731,1.1417889623001007
176,-2.528748040580098,0.5678364365121443,9.486507902584574,-0.3996472749487121,-2.011179164270635,1.161692313359795,-0.3355741154755905,-0.4395020894349693,-3.557306387586377,-3.3732829549503793,2.2588023422112196,-0.5659044010697554,-3.3197149728510422,-0.4540455486972859,-15.94784317533247,-2.011179164270635,1.1616923133592052
177,4.339745041249974,0.5762817673259599,12.969731069993859,0.987116073900736,1.85778262470842,-0.8893404334112801,0.5429174798274965,4.583047707757269,3.739878378598295,3.1945281953108213,2.579065626104402,-0.5511193046260854,0.8825982054806187,1.9114524232336216,11.96310084215456,1.85778262470842,-0.8893404334107053
178,-0.4369500390941052,0.5726379650804732,11.466867928365991,0.005431429380774233,-0.8223727128581313,-0.09046886280778603,-0.07746336067043298,1.2011652907689851,-1.2034365554183502,-1.373057567143299,2.440885595182711,-0.5574984469958609,-2.0922037476101742,0.3186686138691552,-6.9445451617556655,-0.8223727128581313,-0.09046886280796122
179,-2.764921059358169,0.5634167882360434,7.663651982964299,-0.4153643940339704,-2.1484897306758417,0.08138163878930724,-0.3424634424899777,-0.8178793867091572,-3.5588129302492786,-3.599117030582609,2.0912007287561942,-0.5736418038370164,-3.367342606442734,-0.6322519907373731,-15.953605538390491,-2.1484897306758417,0.0813816387886349
180,2.7549143324796246,0.5673051785699696,9.26739393146269,0.7215421665101811,0.9368350704763232,0.8133061681207981,0.3718442128608843,3.0740898993928836,1.801138851483151,1.679076599694615,2.238656013203375,-0.5668344652773847,0.0778287891456042,1.2007702439527541,4.547631433108409,0.9368350704763232,0.8133061681209375
181,2.383852967446276,0.5707657439481723,10.6946821885397,0.6163020000104339,0.747026839040907,-0.2901047509773679,0.3080942161993557,2.99784852376373,1.661787108600267,1.324259183172179,2.369887347603819,-0.5607761125622193,-0.2410808063081752,1.1648624228837008,4.0146260592596885,0.747026839040907,-0.29010475097718297
182,0.007111909698104268,0.5685027243662727,9.761314105068267,0.1313284581310081,-0.5843307452480718,-0.4249475561455968,0.002980553156768373,1.2927116783868668,-0.6839518558167137,-0.9484353124598746,2.2840692667267404,-0.5647379423010334,-1.710697599882192,0.3617847208251797,-4.957572262876568,-0.5843307452480718,-0.4249475561457776
183,-4.231363665406163,0.5562806303455728,4.720388890213147,-0.6701563133787767,-2.981681703657563,-0.7182736631244029,-0.500537229729673,-2.155845848657856,-4.847688685677085,-5.00136319789678,1.8205838150121392,-0.5861349535991621,-4.139439331730027,-1.262401432763917,-20.8834161719303,-2.981681703657563,-0.7182736631253862
184,2.1608213104025804,0.5593341115150428,5.979777845509791,0.657646654379249,0.5877804842724733,0.02417051929989893,0.3340885948047842,2.279011079926086,1.3832055334444608,1.1109911800540149,1.936377728619489,-0.5807892762568738,-0.1157939748875232,0.8263075883459676,2.9490816064854086,0.5877804842724733,0.02417051929983175
185,-0.4793557815945892,0.5548367397050531,4.124865346951113,0.1342745091017366,-0.9124255487486737,2.247841705857463,-0.001038083092024966,0.2860796673389299,-1.7264056667466718,-1.413606914010455,1.7658286883853669,-0.5886627482877104,-1.7017701726981669,-0.1123143079083497,-8.944845559355649,-0.9124255487486737,2.2478417058568834
186,-0.0988676189269928,0.5517612822553511,2.856412414159056,0.2385263770304324,-0.7039757114821901,1.482467385903602,0.06678714406418704,0.3878191095079409,-1.1797176663686542,-1.049775376650181,1.649201391713454,-0.594046899128535,-1.385855421399089,-0.06439752184667312,-6.853822971536382,-0.7039757114821901,1.4824673859030402
187,0.7002270622190538,0.551130998006164,2.596455670341491,0.4123510583074303,-0.2542927569501414,0.6071141355473636,0.1785733774278365,0.8918182736630973,-0.19342848951337602,-0.2856626528812232,1.625299793554552,-0.5951503270008822,-0.8591139629839435,0.1729737435075055,-3.081373337558681,-0.2542927569501414,0.6071141355469256
188,3.15218458109946,0.5570690116070296,5.045551744717959,0.8847768934169273,1.1390453725574943,-0.7021269670765188,0.4791931988177989,2.8304005141776205,2.531629831036986,2.058955553850478,1.8504807577513116,-0.5847547479870916,0.5724794767418047,1.0859985105136851,7.341680575195102,1.1390453725574943,-0.7021269670764698
189,-0.5259162647301605,0.5537481649082502,3.6758895714280335,0.1328578729124648,-0.9257255530905536,-0.1556240589794786,0.004213329438527494,0.200662554666748,-1.2596264410347682,-1.4581291194864008,1.724547825992488,-0.5905684975960206,-1.706063009635354,-0.1525436764468547,-7.159465408678348,-0.9257255530905536,-0.1556240589800146
190,1.657692292057173,0.5559728278284473,4.5934376928859,0.5772961048953829,0.3015047788448241,-0.5858348869759338,0.2852146356613383,1.7744900904142842,1.013448371730899,0.6298876341466096,1.8089113480480332,-0.5866738182098724,-0.3592804884749963,0.5886905560262655,1.534800377308299,0.3015047788448241,-0.5858348869761147
191,1.578700380953775,0.5583711131130565,5.582595258122042,0.5420291900763736,0.2697334573463399,-1.409952482609314,0.2649199649883309,1.841023391344079,1.1077025215751393,0.5543537508996731,1.8998589660744518,-0.5824751811151152,-0.4661499273204791,0.6200261116245955,1.895312325958587,0.2697334573463399,-1.4099524826094367
192,2.934085747763384,0.5626705247068708,7.355860320196725,0.7953020149181573,1.021550839009733,1.10850483674758,0.4178753535449384,2.963284008182654,1.922029169970974,1.850404430281176,2.062900971911673,-0.5749482746543775,0.301343481290987,1.148583382394443,5.010023851511426,1.021550839009733,1.108504836747649
193,3.114212416045051,0.5672606365958047,9.249022876526672,0.7978501162309206,1.134814824753733,1.1649377511667742,0.4190429518850401,3.3126009928099864,2.085538168147922,2.0226456957676833,2.236966895366356,-0.5669124441509585,0.3090650004205726,1.313103128750946,5.635428119143574,1.134814824753733,1.164937751166952
194,-0.5328858289698929,0.5642055801631181,7.988984213900366,0.05042807311576086,-0.8925729639049803,-1.230065936572113,-0.04568655381520725,0.7168737104618488,-1.0480574105473879,-1.4647935772038112,2.121113244730121,-0.5722608792796612,-1.9558502817465782,0.09057913794595653,-6.3502367054212225,-0.8925729639049803,-1.230065936572424
195,0.04814751179409182,0.5619987018541088,7.078771242607558,0.190355262038735,-0.5828384030624583,-0.006259288413886604,0.039536086112579784,0.9962420923013048,-0.7256473445610341,-0.9091961253786964,2.0374241495392367,-0.5761244234506919,-1.531828497131505,0.2221548051563216,-5.117053006398013,-0.5828384030624583,-0.006259288414194769
196,0.2963744338799112,0.5607497290039638,6.56364030659102,0.2525045715074355,-0.4440426376223924,-0.6020057465012635,0.08028466260722063,1.100343161485725,-0.3491998891288057,-0.6718358300057443,1.990060682636733,-0.5783109788920383,-1.343497256317261,0.2711838597152722,-3.677182125947778,-0.4440426376223924,-0.6020057465015429
197,-0.008058202933307612,0.5590711992680342,5.8713413555764715,0.201135518283734,-0.6152234423846721,-1.126322475580839,0.049348174645976565,0.8127662246545913,-0.5402062679872162,-0.962941323269564,1.926407587548762,-0.5812495522382344,-1.4991610539648408,0.1357421640991456,-4.407760906411823,-0.6152234423846721,-1.126322475581176
198,0.3892611729181195,0.5567903369061571,4.930614130591342,0.3027944829127106,-0.4206904942042603,2.001864527182009,0.1056485894632743,0.9653611261905896,-0.8073171446708821,-0.5830153925242818,1.8399128739339752,-0.5852426190272728,-1.191103585392185,0.2076106262719231,-5.429431175763887,-0.4206904942042603,2.0018645271815916
199,3.104748101898254,0.5624312459235159,7.257171302557804,0.8332359862855352,1.127506862893217,-0.6334494667862154,0.4461966341872604,3.065709379957279,2.4641938682943008,2.013595700777175,2.053827057507061,-0.5753671759344834,0.4162949096769804,1.196823224504638,7.08374529725084,1.127506862893217,-0.6334494667860755
