DATE,pi,rm,g,y,i,w,rk,k,z,u,l,c,pi_1,rm_1,g_1,y_1,i_1,w_1,rk_1,k_1,z_1,u_1,l_1,c_1,pi_2,rm_2,g_2,y_2,i_2,w_2,rk_2,k_2,z_2,u_2,l_2,c_2
1985-01-01,-0.0015004373300802083,-0.1903668166044735,0.005485456738810715,0.001919264039261923,-0.037559052398448166,-0.007239939747732893,-0.0035096384069830755,0.0015884284936727236,-0.00011135659841740521,-0.013534925419723488,0.0023635044082986794,0.0012368555188465005,0.0003994230853668258,0.10136698156247395,0.01544924792116851,0.0004570726420828542,-0.022830510748642417,0.008649226124639432,-0.009618562495125084,0.0016639970230872062,-0.0007124965797379583,0.009158667379544926,-0.002884733629777601,0.002034166242901812,0.00041604120580303707,0.11052336470309979,0.0027400227741927,0.0018845176469634217,0.011662801844686023,0.0023105128077836714,-0.0012969800589375236,0.0015916049712319316,-0.00045646360933498877,-0.04819186661246081,0.0056271915116529085,0.0015779876002497953
1985-04-01,-0.00022556564856960877,-0.057110102708171157,0.016595632508904706,0.0010329296073988891,0.007166856924597709,0.027369234372316708,0.002599285681158932,0.0013400677110093975,0.0004093950789171581,3.596459806051028e-05,0.0027387841210334456,0.006262362281619414,-0.0015004373300802083,-0.1903668166044735,0.005485456738810715,0.001919264039261923,-0.037559052398448166,-0.007239939747732893,-0.0035096384069830755,0.0015884284936727236,-0.00011135659841740521,-0.013534925419723488,0.0023635044082986794,0.0012368555188465005,0.0003994230853668258,0.10136698156247395,0.01544924792116851,0.0004570726420828542,-0.022830510748642417,0.008649226124639432,-0.009618562495125084,0.0016639970230872062,-0.0007124965797379583,0.009158667379544926,-0.002884733629777601,0.002034166242901812
1985-07-01,-0.00022219852890284616,-0.04622399555439713,0.01716368052097759,0.007415322263415367,-0.016584798471390293,-0.010224141492052462,-0.00026295360678936703,0.0013562723480833663,0.0010298797212219552,0.018360397369103075,-0.003286019533716443,0.0015168781736574746,-0.00022556564856960877,-0.057110102708171157,0.016595632508904706,0.0010329296073988891,0.007166856924597709,0.027369234372316708,0.002599285681158932,0.0013400677110093975,0.0004093950789171581,3.596459806051028e-05,0.0027387841210334456,0.006262362281619414,-0.0015004373300802083,-0.1903668166044735,0.005485456738810715,0.001919264039261923,-0.037559052398448166,-0.007239939747732893,-0.0035096384069830755,0.0015884284936727236,-0.00011135659841740521,-0.013534925419723488,0.0023635044082986794,0.0012368555188465005
1985-10-01,0.0016258370820721995,0.02098622655069918,-0.0012769896806819245,-0.0003478504123309655,0.026460290888731898,-0.000891918841945549,0.0038575303688795654,0.00134232233669377,0.0008199309138547668,-0.027694815706026867,0.002019672346944658,0.0017498823031872315,-0.00022219852890284616,-0.04622399555439713,0.01716368052097759,0.007415322263415367,-0.016584798471390293,-0.010224141492052462,-0.00026295360678936703,0.0013562723480833663,0.0010298797212219552,0.018360397369103075,-0.003286019533716443,0.0015168781736574746,-0.00022556564856960877,-0.057110102708171157,0.016595632508904706,0.0010329296073988891,0.007166856924597709,0.027369234372316708,0.002599285681158932,0.0013400677110093975,0.0004093950789171581,3.596459806051028e-05,0.0027387841210334456,0.006262362281619414
1986-01-01,0.0003378286408791119,0.05687541570918811,0.002475746547722072,0.0015322029116488145,-0.01007499044750395,0.002228208494298234,0.0006038844352442517,0.0012124347913664915,-0.00032980682285588194,-0.023957206787337294,0.0020134861259123353,0.0025763042441152,0.0016258370820721995,0.02098622655069918,-0.0012769896806819245,-0.0003478504123309655,0.026460290888731898,-0.000891918841945549,0.0038575303688795654,0.00134232233669377,0.0008199309138547668,-0.027694815706026867,0.002019672346944658,0.0017498823031872315,-0.00022219852890284616,-0.04622399555439713,0.01716368052097759,0.007415322263415367,-0.016584798471390293,-0.010224141492052462,-0.00026295360678936703,0.0013562723480833663,0.0010298797212219552,0.018360397369103075,-0.003286019533716443,0.0015168781736574746
1986-04-01,-0.0069495968296173615,-0.02788853894213669,0.015230809171678164,-0.0032736496004522686,-0.027394135032116317,0.020680267075970992,-0.0026497614983910615,0.0009206284728764739,-0.0014967554201583682,0.04251383993409249,0.0031717633052782317,-0.0037694383323291798,0.0003378286408791119,0.05687541570918811,0.002475746547722072,0.0015322029116488145,-0.01007499044750395,0.002228208494298234,0.0006038844352442517,0.0012124347913664915,-0.00032980682285588194,-0.023957206787337294,0.0020134861259123353,0.0025763042441152,0.0016258370820721995,0.02098622655069918,-0.0012769896806819245,-0.0003478504123309655,0.026460290888731898,-0.000891918841945549,0.0038575303688795654,0.00134232233669377,0.0008199309138547668,-0.027694815706026867,0.002019672346944658,0.0017498823031872315
1986-07-01,0.0025667160992445086,-0.09386461349493022,0.016130640368190213,0.0017536479180661124,-0.03702561570696441,-0.0008942877815216074,0.0038906814903112673,0.0008818480889980844,-0.002605861951863241,-3.879534977516835e-05,0.0033438186045625555,-0.0035126764731873723,-0.0069495968296173615,-0.02788853894213669,0.015230809171678164,-0.0032736496004522686,-0.027394135032116317,0.020680267075970992,-0.0026497614983910615,0.0009206284728764739,-0.0014967554201583682,0.04251383993409249,0.0031717633052782317,-0.0037694383323291798,0.0003378286408791119,0.05687541570918811,0.002475746547722072,0.0015322029116488145,-0.01007499044750395,0.002228208494298234,0.0006038844352442517,0.0012124347913664915,-0.00032980682285588194,-0.023957206787337294,0.0020134861259123353,0.0025763042441152
1986-10-01,0.00038194939223430366,-0.08912156197937512,-0.009574533327701548,-0.002422824278781912,-0.006734729865662836,0.008210479211397127,0.0035739480990766475,0.0008629363465859978,-0.002691522057130329,-0.01902206311219893,0.00047782727281885546,-0.0003645545800665137,0.0025667160992445086,-0.09386461349493022,0.016130640368190213,0.0017536479180661124,-0.03702561570696441,-0.0008942877815216074,0.0038906814903112673,0.0008818480889980844,-0.002605861951863241,-3.879534977516835e-05,0.0033438186045625555,-0.0035126764731873723,-0.0069495968296173615,-0.02788853894213669,0.015230809171678164,-0.0032736496004522686,-0.027394135032116317,0.020680267075970992,-0.0026497614983910615,0.0009206284728764739,-0.0014967554201583682,0.04251383993409249,0.0031717633052782317,-0.0037694383323291798
1987-01-01,0.003369236251449827,0.050993942978900725,0.00041656730587045566,-0.0003596444441017276,0.01690149539872008,-0.009999928260093926,-0.0008135216555536587,0.0007863514797039965,-0.0016471928287802578,-0.03442748330558624,-0.0003539893315135472,0.0007093074271802815,0.00038194939223430366,-0.08912156197937512,-0.009574533327701548,-0.002422824278781912,-0.006734729865662836,0.008210479211397127,0.0035739480990766475,0.0008629363465859978,-0.002691522057130329,-0.01902206311219893,0.00047782727281885546,-0.0003645545800665137,0.0025667160992445086,-0.09386461349493022,0.016130640368190213,0.0017536479180661124,-0.03702561570696441,-0.0008942877815216074,0.0038906814903112673,0.0008818480889980844,-0.002605861951863241,-3.879534977516835e-05,0.0033438186045625555,-0.0035126764731873723
1987-04-01,-1.5264069791670457e-05,-0.016490487230615827,0.0022879694936215147,0.0029411944773011433,-0.00924058685190323,-0.0008942877815216074,-0.005200991410183964,0.0005539299719752659,-0.0006565853588705866,-0.025732939233438036,0.0013406514451542635,0.004231533110367334,0.003369236251449827,0.050993942978900725,0.00041656730587045566,-0.0003596444441017276,0.01690149539872008,-0.009999928260093926,-0.0008135216555536587,0.0007863514797039965,-0.0016471928287802578,-0.03442748330558624,-0.0003539893315135472,0.0007093074271802815,0.00038194939223430366,-0.08912156197937512,-0.009574533327701548,-0.002422824278781912,-0.006734729865662836,0.008210479211397127,0.0035739480990766475,0.0008629363465859978,-0.002691522057130329,-0.01902206311219893,0.00047782727281885546,-0.0003645545800665137
1987-07-01,-0.0011818190400395049,0.10272560558004998,-0.004391914699758434,0.0008396418132074125,-0.009617078375365316,0.005184758294859937,-0.0018436788142839433,0.0005606989844191627,0.0003894971918708141,-0.042703342069999185,0.001841311571316608,0.003336987722367067,-1.5264069791670457e-05,-0.016490487230615827,0.0022879694936215147,0.0029411944773011433,-0.00924058685190323,-0.0008942877815216074,-0.005200991410183964,0.0005539299719752659,-0.0006565853588705866,-0.025732939233438036,0.0013406514451542635,0.004231533110367334,0.003369236251449827,0.050993942978900725,0.00041656730587045566,-0.0003596444441017276,0.01690149539872008,-0.009999928260093926,-0.0008135216555536587,0.0007863514797039965,-0.0016471928287802578,-0.03442748330558624,-0.0003539893315135472,0.0007093074271802815
1987-10-01,1.3250918997153465e-05,0.05245623097989163,0.009439101908048845,0.009218428867801796,0.056154561681299044,-0.00697391706442978,0.00807214294013842,0.0005850876264939313,0.000695321524235682,-0.03384698066033257,0.00031305673997438394,0.004181470961960141,-0.0011818190400395049,0.10272560558004998,-0.004391914699758434,0.0008396418132074125,-0.009617078375365316,0.005184758294859937,-0.0018436788142839433,0.0005606989844191627,0.0003894971918708141,-0.042703342069999185,0.001841311571316608,0.003336987722367067,-1.5264069791670457e-05,-0.016490487230615827,0.0022879694936215147,0.0029411944773011433,-0.00924058685190323,-0.0008942877815216074,-0.005200991410183964,0.0005539299719752659,-0.0006565853588705866,-0.025732939233438036,0.0013406514451542635,0.004231533110367334
1988-01-01,0.000876587951584452,0.02723253106449622,-0.01383294001374826,-0.0026677568280165454,-0.05904280481322479,0.002149854599706136,0.0050245881843597505,0.0005515343611899663,0.0001506394232008996,-0.035406387742064095,0.0006196053441961298,0.0017733235977353526,1.3250918997153465e-05,0.05245623097989163,0.009439101908048845,0.009218428867801796,0.056154561681299044,-0.00697391706442978,0.00807214294013842,0.0005850876264939313,0.000695321524235682,-0.03384698066033257,0.00031305673997438394,0.004181470961960141,-0.0011818190400395049,0.10272560558004998,-0.004391914699758434,0.0008396418132074125,-0.009617078375365316,0.005184758294859937,-0.0018436788142839433,0.0005606989844191627,0.0003894971918708141,-0.042703342069999185,0.001841311571316608,0.003336987722367067
1988-04-01,0.002855338238517855,-0.013244935384502412,-0.0024664005941372933,0.005228038951990219,0.013763136816655731,-0.013127148263585896,0.0019770334285810817,0.00044150124651335537,-0.0004158703222203457,-0.019075656890581695,-0.00027137505019359903,0.002683219123075507,0.000876587951584452,0.02723253106449622,-0.01383294001374826,-0.0026677568280165454,-0.05904280481322479,0.002149854599706136,0.0050245881843597505,0.0005515343611899663,0.0001506394232008996,-0.035406387742064095,0.0006196053441961298,0.0017733235977353526,1.3250918997153465e-05,0.05245623097989163,0.009439101908048845,0.009218428867801796,0.056154561681299044,-0.00697391706442978,0.00807214294013842,0.0005850876264939313,0.000695321524235682,-0.03384698066033257,0.00031305673997438394,0.004181470961960141
1988-07-01,-0.0006344844529308993,0.09545288559627632,-0.005332783154035755,-0.0019938998384768447,-0.004273915300921715,-0.0008934062698526143,-0.001070521327197588,0.0004092361002998938,-0.0009489807542131517,-0.019660466446517012,-0.0008109161591555263,0.005815513812315541,0.002855338238517855,-0.013244935384502412,-0.0024664005941372933,0.005228038951990219,0.013763136816655731,-0.013127148263585896,0.0019770334285810817,0.00044150124651335537,-0.0004158703222203457,-0.019075656890581695,-0.00027137505019359903,0.002683219123075507,0.000876587951584452,0.02723253106449622,-0.01383294001374826,-0.0026677568280165454,-0.05904280481322479,0.002149854599706136,0.0050245881843597505,0.0005515343611899663,0.0001506394232008996,-0.035406387742064095,0.0006196053441961298,0.0017733235977353526
1988-10-01,-0.00032999843337324817,0.13112670335868906,0.013767991265086746,0.005395941582987083,0.005323950111687715,-0.003975072807260882,-0.001290123781221071,0.000390194711595883,-0.0011164251278306663,0.004418901863900447,0.002444679655846484,0.006003533968648665,-0.0006344844529308993,0.09545288559627632,-0.005332783154035755,-0.0019938998384768447,-0.004273915300921715,-0.0008934062698526143,-0.001070521327197588,0.0004092361002998938,-0.0009489807542131517,-0.019660466446517012,-0.0008109161591555263,0.005815513812315541,0.002855338238517855,-0.013244935384502412,-0.0024664005941372933,0.005228038951990219,0.013763136816655731,-0.013127148263585896,0.0019770334285810817,0.00044150124651335537,-0.0004158703222203457,-0.019075656890581695,-0.00027137505019359903,0.002683219123075507
1989-01-01,0.0010654104458454132,0.08106215081577153,-0.009871121405907754,0.00226250456889989,0.023537459252386463,-0.003984303193133409,-0.0013000502270216106,0.00023040636743257997,-0.0009341087471809166,-0.02027371072647103,0.003159617130888405,0.003931178635793895,-0.00032999843337324817,0.13112670335868906,0.013767991265086746,0.005395941582987083,0.005323950111687715,-0.003975072807260882,-0.001290123781221071,0.000390194711595883,-0.0011164251278306663,0.004418901863900447,0.002444679655846484,0.006003533968648665,-0.0006344844529308993,0.09545288559627632,-0.005332783154035755,-0.0019938998384768447,-0.004273915300921715,-0.0008934062698526143,-0.001070521327197588,0.0004092361002998938,-0.0009489807542131517,-0.019660466446517012,-0.0008109161591555263,0.005815513812315541
1989-04-01,0.003751616770174726,0.1325227577223335,0.009802169326222224,-0.0002570223509691182,-0.019603248755346157,-0.003993591741415936,-0.0013360012203372192,-6.932389427635039e-05,-0.0007941335240240759,-0.033820943239612634,0.00020153216958151038,0.0064942017443270755,0.0010654104458454132,0.08106215081577153,-0.009871121405907754,0.00226250456889989,0.023537459252386463,-0.003984303193133409,-0.0013000502270216106,0.00023040636743257997,-0.0009341087471809166,-0.02027371072647103,0.003159617130888405,0.003931178635793895,-0.00032999843337324817,0.13112670335868906,0.013767991265086746,0.005395941582987083,0.005323950111687715,-0.003975072807260882,-0.001290123781221071,0.000390194711595883,-0.0011164251278306663,0.004418901863900447,0.002444679655846484,0.006003533968648665
1989-07-01,-0.0025632641028915473,0.05204257843003593,0.0034822066356430073,-0.0004856536674045863,-0.018890039809549307,-0.0008925165833077339,-0.0012905721273001097,-0.00014703002688750539,-0.0005953058985398157,0.0236646319677802,0.000810660325768366,0.005554620895240224,0.003751616770174726,0.1325227577223335,0.009802169326222224,-0.0002570223509691182,-0.019603248755346157,-0.003993591741415936,-0.0013360012203372192,-6.932389427635039e-05,-0.0007941335240240759,-0.033820943239612634,0.00020153216958151038,0.0064942017443270755,0.0010654104458454132,0.08106215081577153,-0.009871121405907754,0.00226250456889989,0.023537459252386463,-0.003984303193133409,-0.0013000502270216106,0.00023040636743257997,-0.0009341087471809166,-0.02027371072647103,0.003159617130888405,0.003931178635793895
1989-10-01,0.0018142709215052872,-0.04545334318916802,-0.00047813488119865177,-0.005904852375389604,-0.017304817374268942,-0.0008925165833077339,-0.0013074184917964721,-0.00036970593503912036,-0.0010433351821312047,0.010735214767203925,-0.0008816390600262607,-0.0008017003614417281,-0.0025632641028915473,0.05204257843003593,0.0034822066356430073,-0.0004856536674045863,-0.018890039809549307,-0.0008925165833077339,-0.0012905721273001097,-0.00014703002688750539,-0.0005953058985398157,0.0236646319677802,0.000810660325768366,0.005554620895240224,0.003751616770174726,0.1325227577223335,0.009802169326222224,-0.0002570223509691182,-0.019603248755346157,-0.003993591741415936,-0.0013360012203372192,-6.932389427635039e-05,-0.0007941335240240759,-0.033820943239612634,0.00020153216958151038,0.0064942017443270755
1990-01-01,0.005439250172980367,-0.03057137049674327,0.010378286151097907,0.002993582267291648,3.151619284655989e-05,-0.010252959342871891,-0.0012938143606228362,-0.0008099549535669144,-0.002210015281491589,0.02939208022519787,0.0038194713306026655,0.003943908678712358,0.0018142709215052872,-0.04545334318916802,-0.00047813488119865177,-0.005904852375389604,-0.017304817374268942,-0.0008925165833077339,-0.0013074184917964721,-0.00036970593503912036,-0.0010433351821312047,0.010735214767203925,-0.0008816390600262607,-0.0008017003614417281,-0.0025632641028915473,0.05204257843003593,0.0034822066356430073,-0.0004856536674045863,-0.018890039809549307,-0.0008925165833077339,-0.0012905721273001097,-0.00014703002688750539,-0.0005953058985398157,0.0236646319677802,0.000810660325768366,0.005554620895240224
1990-04-01,-0.004894235879399747,-0.01669550255311422,-0.003923307358848735,-0.004261704510526523,-0.009550192386529786,-0.00089161856884139,-0.0012802102294492002,-0.0013542928061942225,-0.0033550486628644285,-0.014282489781401377,0.0025671836100006245,0.007537989209936367,0.005439250172980367,-0.03057137049674327,0.010378286151097907,0.002993582267291648,3.151619284655989e-05,-0.010252959342871891,-0.0012938143606228362,-0.0008099549535669144,-0.002210015281491589,0.02939208022519787,0.0038194713306026655,0.003943908678712358,0.0018142709215052872,-0.04545334318916802,-0.00047813488119865177,-0.005904852375389604,-0.017304817374268942,-0.0008925165833077339,-0.0013074184917964721,-0.00036970593503912036,-0.0010433351821312047,0.010735214767203925,-0.0008816390600262607,-0.0008017003614417281
1990-07-01,0.002225962598617961,0.021504930117627916,-0.003910211787568027,-0.007222267255386863,-0.02943840795498078,-0.01987953081353282,-0.0013051580431309683,-0.0017107541415907965,-0.004518137805810256,0.016895701488350366,-0.003165300564502603,0.0025851927629743626,-0.004894235879399747,-0.01669550255311422,-0.003923307358848735,-0.004261704510526523,-0.009550192386529786,-0.00089161856884139,-0.0012802102294492002,-0.0013542928061942225,-0.0033550486628644285,-0.014282489781401377,0.0025671836100006245,0.007537989209936367,0.005439250172980367,-0.03057137049674327,0.010378286151097907,0.002993582267291648,3.151619284655989e-05,-0.010252959342871891,-0.0012938143606228362,-0.0008099549535669144,-0.002210015281491589,0.02939208022519787,0.0038194713306026655,0.003943908678712358
1990-10-01,0.0028578042638178237,0.012985356725290585,0.0011628032778416655,-0.017033323574070815,-0.06740514759672503,-0.004089799652790371,0.02810338072216358,-0.0018133197325196013,-0.003719716356186064,0.08778657990017044,-0.001467581458605936,0.009646597546040301,0.002225962598617961,0.021504930117627916,-0.003910211787568027,-0.007222267255386863,-0.02943840795498078,-0.01987953081353282,-0.0013051580431309683,-0.0017107541415907965,-0.004518137805810256,0.016895701488350366,-0.003165300564502603,0.0025851927629743626,-0.004894235879399747,-0.01669550255311422,-0.003923307358848735,-0.004261704510526523,-0.009550192386529786,-0.00089161856884139,-0.0012802102294492002,-0.0013542928061942225,-0.0033550486628644285,-0.014282489781401377,0.0025671836100006245,0.007537989209936367
1991-01-01,-0.0016746014722837312,-0.03497072685712918,0.00043974000072853137,-0.012569533071400053,-0.043604048075061484,0.011849535854543026,0.022248885565803508,-0.0016921081678515568,-0.0007517041971846765,0.0814289292857526,-0.0024994684555149733,0.0028620541580704466,0.0028578042638178237,0.012985356725290585,0.0011628032778416655,-0.017033323574070815,-0.06740514759672503,-0.004089799652790371,0.02810338072216358,-0.0018133197325196013,-0.003719716356186064,0.08778657990017044,-0.001467581458605936,0.009646597546040301,0.002225962598617961,0.021504930117627916,-0.003910211787568027,-0.007222267255386863,-0.02943840795498078,-0.01987953081353282,-0.0013051580431309683,-0.0017107541415907965,-0.004518137805810256,0.016895701488350366,-0.003165300564502603,0.0025851927629743626
1991-04-01,-0.001106819630265348,-0.1553883259396905,-0.0014519459338291538,-0.00010921096699565639,-0.009724040129158083,-0.013629737846503497,0.016394390409443432,-0.0016831381788404362,0.0020873464043164322,0.06608385357527144,-0.0015785466203016667,-0.0020497766442408322,-0.0016746014722837312,-0.03497072685712918,0.00043974000072853137,-0.012569533071400053,-0.043604048075061484,0.011849535854543026,0.022248885565803508,-0.0016921081678515568,-0.0007517041971846765,0.0814289292857526,-0.0024994684555149733,0.0028620541580704466,0.0028578042638178237,0.012985356725290585,0.0011628032778416655,-0.017033323574070815,-0.06740514759672503,-0.004089799652790371,0.02810338072216358,-0.0018133197325196013,-0.003719716356186064,0.08778657990017044,-0.001467581458605936,0.009646597546040301
1991-07-01,-0.0008500307424916146,-0.07375723120646901,-0.008319473543556352,-0.0028424718955642825,0.009885691775651552,-0.0008894899228867767,0.01053989525308336,-0.0015144219080515872,0.005016675048641978,0.02914367099239664,-0.00365021296360125,0.0009178460395995994,-0.001106819630265348,-0.1553883259396905,-0.0014519459338291538,-0.00010921096699565639,-0.009724040129158083,-0.013629737846503497,0.016394390409443432,-0.0016831381788404362,0.0020873464043164322,0.06608385357527144,-0.0015785466203016667,-0.0020497766442408322,-0.0016746014722837312,-0.03497072685712918,0.00043974000072853137,-0.012569533071400053,-0.043604048075061484,0.011849535854543026,0.022248885565803508,-0.0016921081678515568,-0.0007517041971846765,0.0814289292857526,-0.0024994684555149733,0.0028620541580704466
1991-10-01,-0.0003516684014316587,-0.019021883951726073,-0.01285631020890123,-0.004408040950189298,0.02509900032736565,0.0023105128077836714,0.0020105809222254302,-0.001375703324910403,0.005341915253047808,0.014252861888575295,-0.0012068360984208808,0.0006877651915156416,-0.0008500307424916146,-0.07375723120646901,-0.008319473543556352,-0.0028424718955642825,0.009885691775651552,-0.0008894899228867767,0.01053989525308336,-0.0015144219080515872,0.005016675048641978,0.02914367099239664,-0.00365021296360125,0.0009178460395995994,-0.001106819630265348,-0.1553883259396905,-0.0014519459338291538,-0.00010921096699565639,-0.009724040129158083,-0.013629737846503497,0.016394390409443432,-0.0016831381788404362,0.0020873464043164322,0.06608385357527144,-0.0015785466203016667,-0.0020497766442408322
1992-01-01,-0.0010806946676391164,-0.13991515515549632,0.0033176652566011358,0.0040095308128242,-0.028436295815129874,0.005479651363360216,-0.0009992749608858582,-0.0013274610536517448,0.002779602824096673,0.04233856953944156,-0.0001523492188603242,0.0005275721942137859,-0.0003516684014316587,-0.019021883951726073,-0.01285631020890123,-0.004408040950189298,0.02509900032736565,0.0023105128077836714,0.0020105809222254302,-0.001375703324910403,0.005341915253047808,0.014252861888575295,-0.0012068360984208808,0.0006877651915156416,-0.0008500307424916146,-0.07375723120646901,-0.008319473543556352,-0.0028424718955642825,0.009885691775651552,-0.0008894899228867767,0.01053989525308336,-0.0015144219080515872,0.005016675048641978,0.02914367099239664,-0.00365021296360125,0.0009178460395995994
1992-04-01,0.0008489470141530819,-0.15480839732768045,-0.007449098506473259,0.0028852135242653154,0.04524542455689937,-0.0072598562744949245,-0.004009130843997146,-0.0013382515766371048,0.00022172355099059414,0.03202569343133784,0.002039894903409602,0.0005951202604484432,-0.0010806946676391164,-0.13991515515549632,0.0033176652566011358,0.0040095308128242,-0.028436295815129874,0.005479651363360216,-0.0009992749608858582,-0.0013274610536517448,0.002779602824096673,0.04233856953944156,-0.0001523492188603242,0.0005275721942137859,-0.0003516684014316587,-0.019021883951726073,-0.01285631020890123,-0.004408040950189298,0.02509900032736565,0.0023105128077836714,0.0020105809222254302,-0.001375703324910403,0.005341915253047808,0.014252861888575295,-0.0012068360984208808,0.0006877651915156416
1992-07-01,0.0005808789197164493,-0.05118919756363702,0.0008378338496719352,0.0019251501639482504,-0.001919320356178943,0.002299998445980234,0.008232099071533586,-0.0012929378210981488,-0.0022658556357101614,0.0443877223129809,0.003213145338720848,1.538713845233657e-05,0.0008489470141530819,-0.15480839732768045,-0.007449098506473259,0.0028852135242653154,0.04524542455689937,-0.0072598562744949245,-0.004009130843997146,-0.0013382515766371048,0.00022172355099059414,0.03202569343133784,0.002039894903409602,0.0005951202604484432,-0.0010806946676391164,-0.13991515515549632,0.0033176652566011358,0.0040095308128242,-0.028436295815129874,0.005479651363360216,-0.0009992749608858582,-0.0013274610536517448,0.002779602824096673,0.04233856953944156,-0.0001523492188603242,0.0005275721942137859
1992-10-01,0.0015071168971250528,-0.12495335722082865,-0.005632472209789593,0.0024602569712412125,0.02020758975298429,-0.007279901040857228,-0.009612934737242965,-0.0011446891438599768,-0.0030845568258570924,-0.021639927828505802,-0.003274941851519118,0.00017733032691774424,0.0005808789197164493,-0.05118919756363702,0.0008378338496719352,0.0019251501639482504,-0.001919320356178943,0.002299998445980234,0.008232099071533586,-0.0012929378210981488,-0.0022658556357101614,0.0443877223129809,0.003213145338720848,1.538713845233657e-05,0.0008489470141530819,-0.15480839732768045,-0.007449098506473259,0.0028852135242653154,0.04524542455689937,-0.0072598562744949245,-0.004009130843997146,-0.0013382515766371048,0.00022172355099059414,0.03202569343133784,0.002039894903409602,0.0005951202604484432
1993-01-01,-0.00017370099683121983,-0.058515553733389764,-0.018000226094197175,-0.0062535122326719894,0.0134166342537698,0.008679961093263812,-0.008051300917815526,-0.0010097533692527624,-0.002123105095535981,-0.013280178426363233,-0.0026104668052976494,0.000604896125571184,0.0015071168971250528,-0.12495335722082865,-0.005632472209789593,0.0024602569712412125,0.02020758975298429,-0.007279901040857228,-0.009612934737242965,-0.0011446891438599768,-0.0030845568258570924,-0.021639927828505802,-0.003274941851519118,0.00017733032691774424,0.0005808789197164493,-0.05118919756363702,0.0008378338496719352,0.0019251501639482504,-0.001919320356178943,0.002299998445980234,0.008232099071533586,-0.0012929378210981488,-0.0022658556357101614,0.0443877223129809,0.003213145338720848,1.538713845233657e-05
1993-04-01,0.00029986254092470913,0.025232807293894908,-0.005417341531331462,-0.0021202264269698312,-0.004178798101543557,0.005438727062632443,-0.006489667098388087,-0.0010032984940513065,-0.001191750888697856,-0.036932439820722064,-0.0026370342162657196,-0.0002722843289219587,-0.00017370099683121983,-0.058515553733389764,-0.018000226094197175,-0.0062535122326719894,0.0134166342537698,0.008679961093263812,-0.008051300917815526,-0.0010097533692527624,-0.002123105095535981,-0.013280178426363233,-0.0026104668052976494,0.000604896125571184,0.0015071168971250528,-0.12495335722082865,-0.005632472209789593,0.0024602569712412125,0.02020758975298429,-0.007279901040857228,-0.009612934737242965,-0.0011446891438599768,-0.0030845568258570924,-0.021639927828505802,-0.003274941851519118,0.00017733032691774424
1993-07-01,-0.0017867843151857772,-0.0016855164485379513,-0.004086103491624879,-0.003170637720221061,-0.016737643178413662,0.005398313719190928,-0.0018642565247044638,-0.0008146131392156793,-0.00023210754426636272,-0.004866129217953298,0.0030138628662804605,4.890926197203909e-05,0.00029986254092470913,0.025232807293894908,-0.005417341531331462,-0.0021202264269698312,-0.004178798101543557,0.005438727062632443,-0.006489667098388087,-0.0010032984940513065,-0.001191750888697856,-0.036932439820722064,-0.0026370342162657196,-0.0002722843289219587,-0.00017370099683121983,-0.058515553733389764,-0.018000226094197175,-0.0062535122326719894,0.0134166342537698,0.008679961093263812,-0.008051300917815526,-0.0010097533692527624,-0.002123105095535981,-0.013280178426363233,-0.0026104668052976494,0.000604896125571184
1993-10-01,0.002383450747001685,0.037163840617124105,-0.001983225961698106,0.005573018840940767,0.04129868769346421,-0.00089161856884139,-0.0007181275071066023,-0.000679664585177618,-0.0002017827835154994,-0.02929608930671449,-0.002275310225720149,-0.0016342508099453387,-0.0017867843151857772,-0.0016855164485379513,-0.004086103491624879,-0.003170637720221061,-0.016737643178413662,0.005398313719190928,-0.0018642565247044638,-0.0008146131392156793,-0.00023210754426636272,-0.004866129217953298,0.0030138628662804605,4.890926197203909e-05,0.00029986254092470913,0.025232807293894908,-0.005417341531331462,-0.0021202264269698312,-0.004178798101543557,0.005438727062632443,-0.006489667098388087,-0.0010032984940513065,-0.001191750888697856,-0.036932439820722064,-0.0026370342162657196,-0.0002722843289219587
1994-01-01,-0.00361027614793994,-0.009888651804706852,-0.017960568932114968,0.0017075461084536036,0.027402500449963597,-0.010340507766773465,-0.0012444370041712215,-0.0006680569946408628,-0.0012142265809175067,-0.025422368999343616,0.001317304340854632,-0.001673932078804565,0.002383450747001685,0.037163840617124105,-0.001983225961698106,0.005573018840940767,0.04129868769346421,-0.00089161856884139,-0.0007181275071066023,-0.000679664585177618,-0.0002017827835154994,-0.02929608930671449,-0.002275310225720149,-0.0016342508099453387,-0.0017867843151857772,-0.0016855164485379513,-0.004086103491624879,-0.003170637720221061,-0.016737643178413662,0.005398313719190928,-0.0018642565247044638,-0.0008146131392156793,-0.00023210754426636272,-0.004866129217953298,0.0030138628662804605,4.890926197203909e-05
1994-04-01,-0.00014000443145206884,0.09296723599085524,-0.0005638164083590268,0.0055034689383143464,0.03798174570552335,0.0022688482212943175,-0.0006373571318287802,-0.0007866207629125473,-0.0022229619236866357,-0.005646927641836753,0.00041196948455245636,-0.0014364009121860552,-0.00361027614793994,-0.009888651804706852,-0.017960568932114968,0.0017075461084536036,0.027402500449963597,-0.010340507766773465,-0.0012444370041712215,-0.0006680569946408628,-0.0012142265809175067,-0.025422368999343616,0.001317304340854632,-0.001673932078804565,0.002383450747001685,0.037163840617124105,-0.001983225961698106,0.005573018840940767,0.04129868769346421,-0.00089161856884139,-0.0007181275071066023,-0.000679664585177618,-0.0002017827835154994,-0.02929608930671449,-0.002275310225720149,-0.0016342508099453387
1994-07-01,0.0021024109552576515,0.21985705584939277,0.011211620088150223,-0.0021392289633356066,-0.02655982432664141,-0.010399803157400344,-3.0277259486339095e-05,-0.0007114611246625476,-0.0032189398938536748,-0.05896386294177972,-0.0025066949507021137,-0.0004530944050821792,-0.00014000443145206884,0.09296723599085524,-0.0005638164083590268,0.0055034689383143464,0.03798174570552335,0.0022688482212943175,-0.0006373571318287802,-0.0007866207629125473,-0.0022229619236866357,-0.005646927641836753,0.00041196948455245636,-0.0014364009121860552,-0.00361027614793994,-0.009888651804706852,-0.017960568932114968,0.0017075461084536036,0.027402500449963597,-0.010340507766773465,-0.0012444370041712215,-0.0006680569946408628,-0.0012142265809175067,-0.025422368999343616,0.001317304340854632,-0.001673932078804565
1994-10-01,-0.0024298109876948926,0.15411676846678804,-0.014257072788162592,0.0034178455129930873,0.030248808719561794,-0.0008901029420866233,-0.0012406773666321586,-0.0005616136701538029,-0.003226679634460993,-0.028834802742641753,0.002947958514215911,0.00020457450508454072,0.0021024109552576515,0.21985705584939277,0.011211620088150223,-0.0021392289633356066,-0.02655982432664141,-0.010399803157400344,-3.0277259486339095e-05,-0.0007114611246625476,-0.0032189398938536748,-0.05896386294177972,-0.0025066949507021137,-0.0004530944050821792,-0.00014000443145206884,0.09296723599085524,-0.0005638164083590268,0.0055034689383143464,0.03798174570552335,0.0022688482212943175,-0.0006373571318287802,-0.0007866207629125473,-0.0022229619236866357,-0.005646927641836753,0.00041196948455245636,-0.0014364009121860552
1995-01-01,0.0013933936943149885,0.15238231452122677,-0.002019080741359832,-0.004440615439087561,0.0003265686171704871,-0.00407989831018678,-0.0012831416353954715,-0.00039925255977354263,-0.0021299318850614138,-0.05367945726591831,0.00036457791843923676,-0.0017999689160008178,-0.0024298109876948926,0.15411676846678804,-0.014257072788162592,0.0034178455129930873,0.030248808719561794,-0.0008901029420866233,-0.0012406773666321586,-0.0005616136701538029,-0.003226679634460993,-0.028834802742641753,0.002947958514215911,0.00020457450508454072,0.0021024109552576515,0.21985705584939277,0.011211620088150223,-0.0021392289633356066,-0.02655982432664141,-0.010399803157400344,-3.0277259486339095e-05,-0.0007114611246625476,-0.0032189398938536748,-0.05896386294177972,-0.0025066949507021137,-0.0004530944050821792
1995-04-01,0.001351340175920378,0.13927836878904612,-0.002159530655241123,-0.0050059211530376424,-0.031122244775757778,0.002299998445980234,-0.0012979890811060592,-0.00038074096465453417,-0.0010654598157551203,-0.0015734438314052648,-0.0009266135277513725,-0.0008809306451293428,0.0013933936943149885,0.15238231452122677,-0.002019080741359832,-0.004440615439087561,0.0003265686171704871,-0.00407989831018678,-0.0012831416353954715,-0.00039925255977354263,-0.0021299318850614138,-0.05367945726591831,0.00036457791843923676,-0.0017999689160008178,-0.0024298109876948926,0.15411676846678804,-0.014257072788162592,0.0034178455129930873,0.030248808719561794,-0.0008901029420866233,-0.0012406773666321586,-0.0005616136701538029,-0.003226679634460993,-0.028834802742641753,0.002947958514215911,0.00020457450508454072
1995-07-01,-0.0021835164809945276,0.053836472209053104,-0.00814407836923505,0.0004833936218146185,-0.016084971025105886,0.008618685026940588,-0.0012687177374515876,-0.00015986312554235732,2.8227776768239383e-05,0.02233897483495869,-0.00497120313707312,-0.001357107213435906,0.001351340175920378,0.13927836878904612,-0.002159530655241123,-0.0050059211530376424,-0.031122244775757778,0.002299998445980234,-0.0012979890811060592,-0.00038074096465453417,-0.0010654598157551203,-0.0015734438314052648,-0.0009266135277513725,-0.0008809306451293428,0.0013933936943149885,0.15238231452122677,-0.002019080741359832,-0.004440615439087561,0.0003265686171704871,-0.00407989831018678,-0.0012831416353954715,-0.00039925255977354263,-0.0021299318850614138,-0.05367945726591831,0.00036457791843923676,-0.0017999689160008178
1995-10-01,0.0009078683097797213,-0.016375778160161305,-0.01603260996242885,-0.0012272927918962418,0.014432452947262121,-0.0135895985255005,-0.0012826791820640354,1.5349263876175798e-05,0.0005336612334588132,-0.0014931722190257082,0.0005488405743460008,-0.001705431346699928,-0.0021835164809945276,0.053836472209053104,-0.00814407836923505,0.0004833936218146185,-0.016084971025105886,0.008618685026940588,-0.0012687177374515876,-0.00015986312554235732,2.8227776768239383e-05,0.02233897483495869,-0.00497120313707312,-0.001357107213435906,0.001351340175920378,0.13927836878904612,-0.002159530655241123,-0.0050059211530376424,-0.031122244775757778,0.002299998445980234,-0.0012979890811060592,-0.00038074096465453417,-0.0010654598157551203,-0.0015734438314052648,-0.0009266135277513725,-0.0008809306451293428
1996-01-01,0.002616481077772824,0.004452376754848251,0.0010682153966074894,-0.0005387044484384895,0.005800786840278938,-0.004089799652790371,0.001057293174083859,6.764623426772792e-05,0.0003546083327689443,0.004437085132543449,-0.0030858400546026716,-0.002398391498278531,0.0009078683097797213,-0.016375778160161305,-0.01603260996242885,-0.0012272927918962418,0.014432452947262121,-0.0135895985255005,-0.0012826791820640354,1.5349263876175798e-05,0.0005336612334588132,-0.0014931722190257082,0.0005488405743460008,-0.001705431346699928,-0.0021835164809945276,0.053836472209053104,-0.00814407836923505,0.0004833936218146185,-0.016084971025105886,0.008618685026940588,-0.0012687177374515876,-0.00015986312554235732,2.8227776768239383e-05,0.02233897483495869,-0.00497120313707312,-0.001357107213435906
1996-04-01,-0.0004667469350246629,-0.03874058880985495,0.006866896516872981,0.00853435159418705,0.036781052783426006,-0.0008894899228867767,0.0033972655302317543,4.4809631230692645e-05,0.00014978451457323193,-0.0075391059141723185,0.001233322761228108,0.0003447733750104301,0.002616481077772824,0.004452376754848251,0.0010682153966074894,-0.0005387044484384895,0.005800786840278938,-0.004089799652790371,0.001057293174083859,6.764623426772792e-05,0.0003546083327689443,0.004437085132543449,-0.0030858400546026716,-0.002398391498278531,0.0009078683097797213,-0.016375778160161305,-0.01603260996242885,-0.0012272927918962418,0.014432452947262121,-0.0135895985255005,-0.0012826791820640354,1.5349263876175798e-05,0.0005336612334588132,-0.0014931722190257082,0.0005488405743460008,-0.001705431346699928
1996-07-01,-0.001507366385058287,0.0006892770481933576,-0.005527933185916619,0.0009093961515537408,0.034212657827151084,0.005500308175883828,0.009291307346459915,9.319515601217282e-05,-2.548773031227293e-05,-0.007693312263916265,0.0019763113209855148,-0.0009490443535237778,-0.0004667469350246629,-0.03874058880985495,0.006866896516872981,0.00853435159418705,0.036781052783426006,-0.0008894899228867767,0.0033972655302317543,4.4809631230692645e-05,0.00014978451457323193,-0.0075391059141723185,0.001233322761228108,0.0003447733750104301,0.002616481077772824,0.004452376754848251,0.0010682153966074894,-0.0005387044484384895,0.005800786840278938,-0.004089799652790371,0.001057293174083859,6.764623426772792e-05,0.0003546083327689443,0.004437085132543449,-0.0030858400546026716,-0.002398391498278531
1996-10-01,0.0010597068046805857,0.022231478703455352,0.0013556565085181918,0.002302213470034251,-0.011587515243755696,-0.00407989831018678,-0.005525398688925262,0.00028854120609648354,-7.56218515121775e-05,-0.05202240904105152,0.0012906558529867014,-0.0011333332102400637,-0.001507366385058287,0.0006892770481933576,-0.005527933185916619,0.0009093961515537408,0.034212657827151084,0.005500308175883828,0.009291307346459915,9.319515601217282e-05,-2.548773031227293e-05,-0.007693312263916265,0.0019763113209855148,-0.0009490443535237778,-0.0004667469350246629,-0.03874058880985495,0.006866896516872981,0.00853435159418705,0.036781052783426006,-0.0008894899228867767,0.0033972655302317543,4.4809631230692645e-05,0.00014978451457323193,-0.0075391059141723185,0.001233322761228108,0.0003447733750104301
1997-01-01,-0.0010723231639312757,0.021989842221904175,-0.010737677329338854,-0.001601889688834215,0.009724532548993615,-0.0008897969221199228,-0.005381732120904466,0.0004834182509372635,-4.293300932260648e-05,0.04235556105798751,0.0018702334738890287,-0.0004551921606691953,0.0010597068046805857,0.022231478703455352,0.0013556565085181918,0.002302213470034251,-0.011587515243755696,-0.00407989831018678,-0.005525398688925262,0.00028854120609648354,-7.56218515121775e-05,-0.05202240904105152,0.0012906558529867014,-0.0011333332102400637,-0.001507366385058287,0.0006892770481933576,-0.005527933185916619,0.0009093961515537408,0.034212657827151084,0.005500308175883828,0.009291307346459915,9.319515601217282e-05,-2.548773031227293e-05,-0.007693312263916265,0.0019763113209855148,-0.0009490443535237778
1997-04-01,-0.0014656126211463412,0.01756703407236163,0.007352594436638807,0.008441196787348025,0.04910012053430444,0.002299998445980234,-0.0052380655528836695,0.0005125078744152926,-5.813919143181291e-05,-0.03357427710409703,0.0009710300835653514,-0.002027487298787935,-0.0010723231639312757,0.021989842221904175,-0.010737677329338854,-0.001601889688834215,0.009724532548993615,-0.0008897969221199228,-0.005381732120904466,0.0004834182509372635,-4.293300932260648e-05,0.04235556105798751,0.0018702334738890287,-0.0004551921606691953,0.0010597068046805857,0.022231478703455352,0.0013556565085181918,0.002302213470034251,-0.011587515243755696,-0.00407989831018678,-0.005525398688925262,0.00028854120609648354,-7.56218515121775e-05,-0.05202240904105152,0.0012906558529867014,-0.0011333332102400637
1997-07-01,6.621820711679989e-06,0.0655094653963332,-0.0009140634763491661,0.004374764771865178,0.003535756413213221,-0.0008901029420866233,-0.003980762407387648,0.0007727259477408392,-2.3343201192426322e-06,-0.041836530162360476,0.00038678862185969226,-0.004805427076004011,-0.0014656126211463412,0.01756703407236163,0.007352594436638807,0.008441196787348025,0.04910012053430444,0.002299998445980234,-0.0052380655528836695,0.0005125078744152926,-5.813919143181291e-05,-0.03357427710409703,0.0009710300835653514,-0.002027487298787935,-0.0010723231639312757,0.021989842221904175,-0.010737677329338854,-0.001601889688834215,0.009724532548993615,-0.0008897969221199228,-0.005381732120904466,0.0004834182509372635,-4.293300932260648e-05,0.04235556105798751,0.0018702334738890287,-0.0004551921606691953
1997-10-01,0.00019932839191850917,0.02138987854504207,-0.000530676750704525,0.00048487257924403123,0.004423589942848394,-0.0008901029420866233,0.0014167782419820397,0.000990641251356096,0.00022964734851378741,-0.023057531980414082,-0.0005567843858059844,-0.002746212208255496,6.621820711679989e-06,0.0655094653963332,-0.0009140634763491661,0.004374764771865178,0.003535756413213221,-0.0008901029420866233,-0.003980762407387648,0.0007727259477408392,-2.3343201192426322e-06,-0.041836530162360476,0.00038678862185969226,-0.004805427076004011,-0.0014656126211463412,0.01756703407236163,0.007352594436638807,0.008441196787348025,0.04910012053430444,0.002299998445980234,-0.0052380655528836695,0.0005125078744152926,-5.813919143181291e-05,-0.03357427710409703,0.0009710300835653514,-0.002027487298787935
1998-01-01,-0.000838735647697247,0.016989761379753086,-0.0091257078063627,0.0018713389060204455,0.032274097876993736,0.01490801393450465,0.0033603044877747257,0.001077999216761584,0.000624626233078921,-0.03101859865785287,-0.0001612908010514374,-0.00467707129227163,0.00019932839191850917,0.02138987854504207,-0.000530676750704525,0.00048487257924403123,0.004423589942848394,-0.0008901029420866233,0.0014167782419820397,0.000990641251356096,0.00022964734851378741,-0.023057531980414082,-0.0005567843858059844,-0.002746212208255496,6.621820711679989e-06,0.0655094653963332,-0.0009140634763491661,0.004374764771865178,0.003535756413213221,-0.0008901029420866233,-0.003980762407387648,0.0007727259477408392,-2.3343201192426322e-06,-0.041836530162360476,0.00038678862185969226,-0.004805427076004011
1998-04-01,-0.0004188205534417862,0.021718726773507422,0.01181237444400394,0.00113324057442856,-0.0166546011029425,-0.00089161856884139,0.005303830733567412,0.000991812100892532,0.0009470166777228596,-0.017524945602342114,-0.0025943460427221383,-0.006162880056275579,-0.000838735647697247,0.016989761379753086,-0.0091257078063627,0.0018713389060204455,0.032274097876993736,0.01490801393450465,0.0033603044877747257,0.001077999216761584,0.000624626233078921,-0.03101859865785287,-0.0001612908010514374,-0.00467707129227163,0.00019932839191850917,0.02138987854504207,-0.000530676750704525,0.00048487257924403123,0.004423589942848394,-0.0008901029420866233,0.0014167782419820397,0.000990641251356096,0.00022964734851378741,-0.023057531980414082,-0.0005567843858059844,-0.002746212208255496
1998-07-01,0.0008046431064864375,0.01797923579859898,0.0019525163456634944,0.004357860176014048,0.014932578496792616,0.005358401776330024,0.009234465148544932,0.001156867071753255,0.001364988127184747,-0.010537447972555104,-0.001066286832870476,-0.003912348490304697,-0.0004188205534417862,0.021718726773507422,0.01181237444400394,0.00113324057442856,-0.0166546011029425,-0.00089161856884139,0.005303830733567412,0.000991812100892532,0.0009470166777228596,-0.017524945602342114,-0.0025943460427221383,-0.006162880056275579,-0.000838735647697247,0.016989761379753086,-0.0091257078063627,0.0018713389060204455,0.032274097876993736,0.01490801393450465,0.0033603044877747257,0.001077999216761584,0.000624626233078921,-0.03101859865785287,-0.0001612908010514374,-0.00467707129227163
1998-10-01,-3.0239172800264487e-05,0.023968288653059142,0.00032555877350779817,0.007929114290982218,0.019912147262145276,0.020680267075970992,-0.049230809865549854,0.0013135786594207569,0.0015004405234936853,0.019081544591265286,0.0008689633873238862,-0.0033396061940375605,0.0008046431064864375,0.01797923579859898,0.0019525163456634944,0.004357860176014048,0.014932578496792616,0.005358401776330024,0.009234465148544932,0.001156867071753255,0.001364988127184747,-0.010537447972555104,-0.001066286832870476,-0.003912348490304697,-0.0004188205534417862,0.021718726773507422,0.01181237444400394,0.00113324057442856,-0.0166546011029425,-0.00089161856884139,0.005303830733567412,0.000991812100892532,0.0009470166777228596,-0.017524945602342114,-0.0025943460427221383,-0.006162880056275579
1999-01-01,-0.0006448110381123726,-0.11404107053818721,0.0012132083500200155,0.0013061538560043195,0.016565822829548417,-0.013164380373336714,-0.019181990329114655,0.001373418230642444,0.0012875818384881505,-0.033179924722314826,0.001242349095754149,-0.0038355310554373818,-3.0239172800264487e-05,0.023968288653059142,0.00032555877350779817,0.007929114290982218,0.019912147262145276,0.020680267075970992,-0.049230809865549854,0.0013135786594207569,0.0015004405234936853,0.019081544591265286,0.0008689633873238862,-0.0033396061940375605,0.0008046431064864375,0.01797923579859898,0.0019525163456634944,0.004357860176014048,0.014932578496792616,0.005358401776330024,0.009234465148544932,0.001156867071753255,0.001364988127184747,-0.010537447972555104,-0.001066286832870476,-0.003912348490304697
1999-04-01,0.004624356216382566,0.002533681443723488,-0.0018131168596278355,-0.00045984998045387685,-0.009933971350621483,0.01442112434958205,0.010866829207320544,0.0012544200787341434,0.0010102199176401656,-0.01113554534744269,-0.0017631232752023478,-0.0030645649334929987,-0.0006448110381123726,-0.11404107053818721,0.0012132083500200155,0.0013061538560043195,0.016565822829548417,-0.013164380373336714,-0.019181990329114655,0.001373418230642444,0.0012875818384881505,-0.033179924722314826,0.001242349095754149,-0.0038355310554373818,-3.0239172800264487e-05,0.023968288653059142,0.00032555877350779817,0.007929114290982218,0.019912147262145276,0.020680267075970992,-0.049230809865549854,0.0013135786594207569,0.0015004405234936853,0.019081544591265286,0.0008689633873238862,-0.0033396061940375605
1999-07-01,-0.0011041470505385466,0.019889922668663438,0.006485846206638815,0.0048831539749953,0.016510341121220386,0.0021403238672024873,0.006380761504075519,0.0013967847107212786,0.0008376297738851019,-0.003544375934914336,-0.0003745933951243657,-0.0015897407017728146,0.004624356216382566,0.002533681443723488,-0.0018131168596278355,-0.00045984998045387685,-0.009933971350621483,0.01442112434958205,0.010866829207320544,0.0012544200787341434,0.0010102199176401656,-0.01113554534744269,-0.0017631232752023478,-0.0030645649334929987,-0.0006448110381123726,-0.11404107053818721,0.0012132083500200155,0.0013061538560043195,0.016565822829548417,-0.013164380373336714,-0.019181990329114655,0.001373418230642444,0.0012875818384881505,-0.033179924722314826,0.001242349095754149,-0.0038355310554373818
1999-10-01,-0.0018756651841196938,0.08917463241727033,0.0099072618632887,0.008713578522537978,0.015850584766364563,0.014143006376492307,-0.0045410611067046875,0.0013431739159950676,0.00035479511070438184,-0.019484634273154534,-0.0010308237723449891,-1.704514990838544e-07,-0.0011041470505385466,0.019889922668663438,0.006485846206638815,0.0048831539749953,0.016510341121220386,0.0021403238672024873,0.006380761504075519,0.0013967847107212786,0.0008376297738851019,-0.003544375934914336,-0.0003745933951243657,-0.0015897407017728146,0.004624356216382566,0.002533681443723488,-0.0018131168596278355,-0.00045984998045387685,-0.009933971350621483,0.01442112434958205,0.010866829207320544,0.0012544200787341434,0.0010102199176401656,-0.01113554534744269,-0.0017631232752023478,-0.0030645649334929987
2000-01-01,0.0009366186632283501,0.0572988419903854,-0.012695768728248754,-0.004542610533385096,-0.01768492251694733,-0.0038858525279354293,-0.0013425649013066386,0.0009966564186039487,-0.00048349501358610427,-0.028309195120365595,0.005370118254956692,-0.0008183520397916941,-0.0018756651841196938,0.08917463241727033,0.0099072618632887,0.008713578522537978,0.015850584766364563,0.014143006376492307,-0.0045410611067046875,0.0013431739159950676,0.00035479511070438184,-0.019484634273154534,-0.0010308237723449891,-1.704514990838544e-07,-0.0011041470505385466,0.019889922668663438,0.006485846206638815,0.0048831539749953,0.016510341121220386,0.0021403238672024873,0.006380761504075519,0.0013967847107212786,0.0008376297738851019,-0.003544375934914336,-0.0003745933951243657,-0.0015897407017728146
2000-04-01,-0.003402126187402864,0.09814764262346434,0.004140906915446533,0.009989275079177594,0.04689690095764829,-0.000896026871648625,-0.0012474541090046556,0.0005795672877620188,-0.001327035134133,-0.012477596896639555,0.008867823993973558,0.0019454934150778239,0.0009366186632283501,0.0572988419903854,-0.012695768728248754,-0.004542610533385096,-0.01768492251694733,-0.0038858525279354293,-0.0013425649013066386,0.0009966564186039487,-0.00048349501358610427,-0.028309195120365595,0.005370118254956692,-0.0008183520397916941,-0.0018756651841196938,0.08917463241727033,0.0099072618632887,0.008713578522537978,0.015850584766364563,0.014143006376492307,-0.0045410611067046875,0.0013431739159950676,0.00035479511070438184,-0.019484634273154534,-0.0010308237723449891,-1.704514990838544e-07
2000-07-01,0.002478149926769123,0.11399476745808915,-0.00993487662234018,-0.006837388167391192,-0.020553027932707323,0.0020935119767167666,-0.001285564055419686,0.0002546446881306689,-0.0021550835877978533,0.012545128815717864,-0.004202175146972196,-0.002045048302119436,-0.003402126187402864,0.09814764262346434,0.004140906915446533,0.009989275079177594,0.04689690095764829,-0.000896026871648625,-0.0012474541090046556,0.0005795672877620188,-0.001327035134133,-0.012477596896639555,0.008867823993973558,0.0019454934150778239,0.0009366186632283501,0.0572988419903854,-0.012695768728248754,-0.004542610533385096,-0.01768492251694733,-0.0038858525279354293,-0.0013425649013066386,0.0009966564186039487,-0.00048349501358610427,-0.028309195120365595,0.005370118254956692,-0.0008183520397916941
2000-10-01,-0.0010497803302442323,0.056631212201696896,0.00040890151973480904,-0.0019636000713619617,-0.008765575025425874,-0.0038858525279354293,-0.0012731423456574732,1.2013925492028563e-05,-0.0020530867181762216,-0.0041850561024030855,-0.0023748004404641294,-0.000600530319554817,0.002478149926769123,0.11399476745808915,-0.00993487662234018,-0.006837388167391192,-0.020553027932707323,0.0020935119767167666,-0.001285564055419686,0.0002546446881306689,-0.0021550835877978533,0.012545128815717864,-0.004202175146972196,-0.002045048302119436,-0.003402126187402864,0.09814764262346434,0.004140906915446533,0.009989275079177594,0.04689690095764829,-0.000896026871648625,-0.0012474541090046556,0.0005795672877620188,-0.001327035134133,-0.012477596896639555,0.008867823993973558,0.0019454934150778239
2001-01-01,0.0037421912352811793,0.014138110877202657,0.009638986301530242,-0.011034268841657459,-0.057112479060134745,-0.0038945298679055494,-0.0012728983396989128,-0.00029761022186011027,-0.0009582764370121143,0.012545128815717642,0.002190175362951065,-0.0004903594421862853,-0.0010497803302442323,0.056631212201696896,0.00040890151973480904,-0.0019636000713619617,-0.008765575025425874,-0.0038858525279354293,-0.0012731423456574732,1.2013925492028563e-05,-0.0020530867181762216,-0.0041850561024030855,-0.0023748004404641294,-0.000600530319554817,0.002478149926769123,0.11399476745808915,-0.00993487662234018,-0.006837388167391192,-0.020553027932707323,0.0020935119767167666,-0.001285564055419686,0.0002546446881306689,-0.0021550835877978533,0.012545128815717864,-0.004202175146972196,-0.002045048302119436
2001-04-01,-0.0029785599698595217,-0.12214534065534352,0.011656004560432568,-0.0023474686212013674,-0.009196370620175663,0.008072930779027777,-0.0012726543337403522,-0.000730851242895368,8.51939178508072e-05,0.07650385514773991,-0.0005558429460869134,-0.001065941270525119,0.0037421912352811793,0.014138110877202657,0.009638986301530242,-0.011034268841657459,-0.057112479060134745,-0.0038945298679055494,-0.0012728983396989128,-0.00029761022186011027,-0.0009582764370121143,0.012545128815717642,0.002190175362951065,-0.0004903594421862853,-0.0010497803302442323,0.056631212201696896,0.00040890151973480904,-0.0019636000713619617,-0.008765575025425874,-0.0038858525279354293,-0.0012731423456574732,1.2013925492028563e-05,-0.0020530867181762216,-0.0041850561024030855,-0.0023748004404641294,-0.000600530319554817
2001-07-01,-0.003656880057573099,-0.242710757492249,-0.006611265323231105,-0.012339945221768824,-0.03249983800075997,0.005038135887191442,-0.0012349629920231698,-0.0009551864227998682,0.001180180903981768,0.042265160096380115,-0.005314382833067187,-0.0015563579704797623,-0.0029785599698595217,-0.12214534065534352,0.011656004560432568,-0.0023474686212013674,-0.009196370620175663,0.008072930779027777,-0.0012726543337403522,-0.000730851242895368,8.51939178508072e-05,0.07650385514773991,-0.0005558429460869134,-0.001065941270525119,0.0037421912352811793,0.014138110877202657,0.009638986301530242,-0.011034268841657459,-0.057112479060134745,-0.0038945298679055494,-0.0012728983396989128,-0.00029761022186011027,-0.0009582764370121143,0.012545128815717642,0.002190175362951065,-0.0004903594421862853
2001-10-01,-0.002488742254653777,-0.19252264166804708,0.010755749478688717,-0.005457405682694907,-0.06139201313728473,0.00500255313278537,-0.013458361978814328,-0.0009985946605188464,0.001947750378691098,0.13030717970149028,-0.0009150489371453445,-0.00725600817991884,-0.003656880057573099,-0.242710757492249,-0.006611265323231105,-0.012339945221768824,-0.03249983800075997,0.005038135887191442,-0.0012349629920231698,-0.0009551864227998682,0.001180180903981768,0.042265160096380115,-0.005314382833067187,-0.0015563579704797623,-0.0029785599698595217,-0.12214534065534352,0.011656004560432568,-0.0023474686212013674,-0.009196370620175663,0.008072930779027777,-0.0012726543337403522,-0.000730851242895368,8.51939178508072e-05,0.07650385514773991,-0.0005558429460869134,-0.001065941270525119
2002-01-01,0.002764490228205616,-0.4839513959554837,0.011523162607656826,0.0005274120387936044,0.01854516742803456,0.002039124676213544,-0.022999566059023358,-0.0009083233219688499,0.002301391201396671,0.11037975932062191,-0.0008312769610640074,-0.006303126599139954,-0.002488742254653777,-0.19252264166804708,0.010755749478688717,-0.005457405682694907,-0.06139201313728473,0.00500255313278537,-0.013458361978814328,-0.0009985946605188464,0.001947750378691098,0.13030717970149028,-0.0009150489371453445,-0.00725600817991884,-0.003656880057573099,-0.242710757492249,-0.006611265323231105,-0.012339945221768824,-0.03249983800075997,0.005038135887191442,-0.0012349629920231698,-0.0009551864227998682,0.001180180903981768,0.042265160096380115,-0.005314382833067187,-0.0015563579704797623
2002-04-01,0.002521569953750837,-0.18076891982439022,0.0020012527927317594,-0.0021480092335407286,0.005729721025923041,-0.006780386654193715,-0.032540770139232386,-0.000948718319356799,0.0025524222658811846,0.02783444287549438,-3.4117652226811038e-06,-0.0014501661643073224,0.002764490228205616,-0.4839513959554837,0.011523162607656826,0.0005274120387936044,0.01854516742803456,0.002039124676213544,-0.022999566059023358,-0.0009083233219688499,0.002301391201396671,0.11037975932062191,-0.0008312769610640074,-0.006303126599139954,-0.002488742254653777,-0.19252264166804708,0.010755749478688717,-0.005457405682694907,-0.06139201313728473,0.00500255313278537,-0.013458361978814328,-0.0009985946605188464,0.001947750378691098,0.13030717970149028,-0.0009150489371453445,-0.00725600817991884
2002-07-01,-0.0016149917926388938,0.020534072174526217,-0.00032946810460711894,-0.0037563001255152906,-0.012070513557416639,-0.006814629441244935,-0.04208197421944142,-0.0008004104726066704,0.0029421170599667696,0.010222919562437448,-0.001719048112905584,-0.0005688752764986835,0.002521569953750837,-0.18076891982439022,0.0020012527927317594,-0.0021480092335407286,0.005729721025923041,-0.006780386654193715,-0.032540770139232386,-0.000948718319356799,0.0025524222658811846,0.02783444287549438,-3.4117652226811038e-06,-0.0014501661643073224,0.002764490228205616,-0.4839513959554837,0.011523162607656826,0.0005274120387936044,0.01854516742803456,0.002039124676213544,-0.022999566059023358,-0.0009083233219688499,0.002301391201396671,0.11037975932062191,-0.0008312769610640074,-0.006303126599139954
2002-10-01,-0.00010934378054595201,0.007027234700093841,0.0020222501977917675,-0.0066488757833523615,-0.011204760745461527,-0.0038686551250461275,0.0335961771173903,-0.000632455759475646,0.0031128709642635486,-0.012928178752501553,-0.0002618477612536068,-0.0011616898311270238,-0.0016149917926388938,0.020534072174526217,-0.00032946810460711894,-0.0037563001255152906,-0.012070513557416639,-0.006814629441244935,-0.04208197421944142,-0.0008004104726066704,0.0029421170599667696,0.010222919562437448,-0.001719048112905584,-0.0005688752764986835,0.002521569953750837,-0.18076891982439022,0.0020012527927317594,-0.0021480092335407286,0.005729721025923041,-0.006780386654193715,-0.032540770139232386,-0.000948718319356799,0.0025524222658811846,0.02783444287549438,-3.4117652226811038e-06,-0.0014501661643073224
2003-01-01,0.002088675372372266,-0.1850031954058816,-0.004498475877678284,-0.0026648749818202,-0.0029238350958209693,-0.0038772277707612044,0.01914358021011623,-0.0005114210911398505,0.002991577015820827,0.038936616758289376,-0.0029219066223870145,-0.0022632183828931746,-0.00010934378054595201,0.007027234700093841,0.0020222501977917675,-0.0066488757833523615,-0.011204760745461527,-0.0038686551250461275,0.0335961771173903,-0.000632455759475646,0.0031128709642635486,-0.012928178752501553,-0.0002618477612536068,-0.0011616898311270238,-0.0016149917926388938,0.020534072174526217,-0.00032946810460711894,-0.0037563001255152906,-0.012070513557416639,-0.006814629441244935,-0.04208197421944142,-0.0008004104726066704,0.0029421170599667696,0.010222919562437448,-0.001719048112905584,-0.0005688752764986835
2003-04-01,-0.0075937186914729025,-0.12237044146958276,0.0037496674451553504,0.00036392593320879526,-0.003718617774204368,0.00801904997838261,0.004690983302842166,-0.0005316381779320796,0.0027736360838902527,0.010110280609411736,0.0025258864405280817,0.00032791195566522573,0.002088675372372266,-0.1850031954058816,-0.004498475877678284,-0.0026648749818202,-0.0029238350958209693,-0.0038772277707612044,0.01914358021011623,-0.0005114210911398505,0.002991577015820827,0.038936616758289376,-0.0029219066223870145,-0.0022632183828931746,-0.00010934378054595201,0.007027234700093841,0.0020222501977917675,-0.0066488757833523615,-0.011204760745461527,-0.0038686551250461275,0.0335961771173903,-0.000632455759475646,0.0031128709642635486,-0.012928178752501553,-0.0002618477612536068,-0.0011616898311270238
2003-07-01,0.005023985175641355,0.005491453177633113,-0.003330968680459253,0.008630399165784473,0.025184549612931463,-0.0038601341250605213,0.009477635632010793,-0.00035012822248933057,0.0027069516754675118,0.048443837417232426,-2.2240335546884146e-05,-0.0069311347153763764,-0.0075937186914729025,-0.12237044146958276,0.0037496674451553504,0.00036392593320879526,-0.003718617774204368,0.00801904997838261,0.004690983302842166,-0.0005316381779320796,0.0027736360838902527,0.010110280609411736,0.0025258864405280817,0.00032791195566522573,0.002088675372372266,-0.1850031954058816,-0.004498475877678284,-0.0026648749818202,-0.0029238350958209693,-0.0038772277707612044,0.01914358021011623,-0.0005114210911398505,0.002991577015820827,0.038936616758289376,-0.0029219066223870145,-0.0022632183828931746
2003-10-01,-0.004110125417929846,-0.1919115987269,0.0003895535183035904,0.0031929303483030557,0.022482730840688504,-0.0008968847358887141,0.024290327197076418,-0.00016467173723074674,0.002547689988134737,-0.01722609942429213,-0.004108114721708476,0.0007824072550031683,0.005023985175641355,0.005491453177633113,-0.003330968680459253,0.008630399165784473,0.025184549612931463,-0.0038601341250605213,0.009477635632010793,-0.00035012822248933057,0.0027069516754675118,0.048443837417232426,-2.2240335546884146e-05,-0.0069311347153763764,-0.0075937186914729025,-0.12237044146958276,0.0037496674451553504,0.00036392593320879526,-0.003718617774204368,0.00801904997838261,0.004690983302842166,-0.0005316381779320796,0.0027736360838902527,0.010110280609411736,0.0025258864405280817,0.00032791195566522573
2004-01-01,0.004221500154412339,-0.014053278186339828,-0.0011813332294570342,-0.002909683443200175,-0.00871128885402863,-0.0008968847358887141,0.016931321205909632,-4.835929386334109e-05,0.0022468551804727165,-0.052014727374132964,-0.0013127731439727213,-0.0014729499908376373,-0.004110125417929846,-0.1919115987269,0.0003895535183035904,0.0031929303483030557,0.022482730840688504,-0.0008968847358887141,0.024290327197076418,-0.00016467173723074674,0.002547689988134737,-0.01722609942429213,-0.004108114721708476,0.0007824072550031683,0.005023985175641355,0.005491453177633113,-0.003330968680459253,0.008630399165784473,0.025184549612931463,-0.0038601341250605213,0.009477635632010793,-0.00035012822248933057,0.0027069516754675118,0.048443837417232426,-2.2240335546884146e-05,-0.0069311347153763764
2004-04-01,-0.0021246917409538614,0.016662451814490012,-0.0030190649768131648,-0.000645583939027896,0.028471699869795565,0.010902662195266656,0.009572315214742848,-9.167384039186657e-06,0.0019108088350593521,-0.007241199243578612,-0.0034671368471531723,0.0009976648266994384,0.004221500154412339,-0.014053278186339828,-0.0011813332294570342,-0.002909683443200175,-0.00871128885402863,-0.0008968847358887141,0.016931321205909632,-4.835929386334109e-05,0.0022468551804727165,-0.052014727374132964,-0.0013127731439727213,-0.0014729499908376373,-0.004110125417929846,-0.1919115987269,0.0003895535183035904,0.0031929303483030557,0.022482730840688504,-0.0008968847358887141,0.024290327197076418,-0.00016467173723074674,0.002547689988134737,-0.01722609942429213,-0.004108114721708476,0.0007824072550031683
2004-07-01,-0.0008423382420455536,0.021258719063776955,-0.003858539212353814,0.0011650130971675643,0.0046481575588490425,-0.01864996220957742,-0.0168373214619854,9.934648455737366e-05,0.0016186355893080355,-0.01335860958449734,0.0005707226705379171,0.0006411964419559804,-0.0021246917409538614,0.016662451814490012,-0.0030190649768131648,-0.000645583939027896,0.028471699869795565,0.010902662195266656,0.009572315214742848,-9.167384039186657e-06,0.0019108088350593521,-0.007241199243578612,-0.0034671368471531723,0.0009976648266994384,0.004221500154412339,-0.014053278186339828,-0.0011813332294570342,-0.002909683443200175,-0.00871128885402863,-0.0008968847358887141,0.016931321205909632,-4.835929386334109e-05,0.0022468551804727165,-0.052014727374132964,-0.0013127731439727213,-0.0014729499908376373
2004-10-01,0.003734901814863524,0.35781416068427674,-0.00623819082234058,0.0017150990783351338,0.009883696702860136,0.005056084847725306,0.02234164089350088,0.00019421723194338475,0.0011020584079424768,-0.019811031381186152,-0.0020596481210549784,-0.001714750006523271,-0.0008423382420455536,0.021258719063776955,-0.003858539212353814,0.0011650130971675643,0.0046481575588490425,-0.01864996220957742,-0.0168373214619854,9.934648455737366e-05,0.0016186355893080355,-0.01335860958449734,0.0005707226705379171,0.0006411964419559804,-0.0021246917409538614,0.016662451814490012,-0.0030190649768131648,-0.000645583939027896,0.028471699869795565,0.010902662195266656,0.009572315214742848,-9.167384039186657e-06,0.0019108088350593521,-0.007241199243578612,-0.0034671368471531723,0.0009976648266994384
2005-01-01,-0.004894474428764235,0.31594547796478556,-0.0007033360617432393,0.0027485950618236976,0.01693272053898285,-0.0038686551250461275,-0.0008541609702137196,0.00012275151261701572,0.00028438077674437854,-0.007931549074526902,1.822383305915171e-05,0.001443138487092153,0.003734901814863524,0.35781416068427674,-0.00623819082234058,0.0017150990783351338,0.009883696702860136,0.005056084847725306,0.02234164089350088,0.00019421723194338475,0.0011020584079424768,-0.019811031381186152,-0.0020596481210549784,-0.001714750006523271,-0.0008423382420455536,0.021258719063776955,-0.003858539212353814,0.0011650130971675643,0.0046481575588490425,-0.01864996220957742,-0.0168373214619854,9.934648455737366e-05,0.0016186355893080355,-0.01335860958449734,0.0005707226705379171,0.0006411964419559804
